d_at_avg_9,cl_12_1.0,cl_24_3.0,cl_30_1.0,vr_oil_wti_t6,avg_di_si,c_pcns,n_atr_1d_6,ind_per_x9_1.0,s_ppe_mx_24,cl_12_2.0,ipc_t6,cl_18_2.0,cl_9_3.0,ind_vjrc_36_1,dif_ent_36m,cl_9_1.0,c_tc_mn_24_sld,avg_pbi_des,vr_s_t_36,prc_u_tc_cns,mn_s_myp_36,prc_u_ef,c_tc_mn_24,s_per_mn_18,c_crd_mic,tas_u_tc,mx_ltc_36,incumplimiento
0,0,0,0,-37.2744139,0.032347407,2,0,0,3037.79,0,0.043979285,0,0,0,0,0,0,-0.002323461,0,0.0992,0,0,0,0,0,-1,0,0
0,0,0,0,-14.44367657,0.031092162,2,0,0,9700.11,0,0.021925232,0,0,0,0,0,0,0.006380425,0,1,0,1412.04,0,0,0,1,10000,0
0,0,0,0,11.37194535,0.052648959,0,0,0,0,0,0.013648559,0,0,0,0,0,0,0.011284319,-0.989042,0.0684875,0,0,0,0,0,0.0684875,800,0
0,0,0,0,-14.44367657,0.031092162,1,0,0,1065.05,0,0.021925232,0,0,0,0,0,0,0.006380425,-0.754435516,0,0,0,0,1065.05,0,0,574.53,1
0,1,0,1,39.74186609,-0.00692786,1,0,0,1122.32,0,0.03234882,0,0,0,0,0,0,-0.00026603,-0.680518925,0,0,0,0,0,0,0,1725,0
0,0,0,0,50.22133687,0.030216111,1,0,1,46364.63,0,0.01429334,0,0,0,0,0,1,0.006125023,-0.097550939,0.4946,0,0,1,1111.5,0,0.4946,4200,0
0,0,0,0,86.32210911,0.064834713,2,0,1,29781.61,0,0.032546067,0,0,0,0,0,0,-0.000277605,0,0.0992,0,0,0,6008.73,0,-1,0,0
0,0,0,0,-7.342083675,0.041708281,0,0,0,0,0,0.027324439,0,0,0,0,0,1,-0.00230588,0,0.79644,796.44,0,1,796.44,0,0.79644,1000,1
0,0,0,0,86.32210911,0.064834713,2,0,1,19715.75,0,0.032546067,0,0,1,0,0,0,-0.000277605,-0.023403699,0.560423975,0,0,1,275.24,0,0.560423975,21180.5,0
0,0,0,0,-19.46368057,0.029967807,0,0,1,0,0,0.022947805,0,0,0,0,0,2,0.001527226,-0.824251613,0.06279816,77.3,0,1,77.3,0,0.06279816,32950.01,0
0,0,0,0,20.92084006,-0.250884639,0,0,0,0,0,0.019000916,0,0,0,-1,0,0,-0.111359778,-0.999479376,0.0992,0,0,0,0,0,-1,2600,1
0,0,0,0,11.37194535,0.052648959,1,0,1,73000,0,0.013648559,0,0,0,0,0,1,0.011284319,0,0.054228501,88.87,0,2,156.86,0,0.054228501,27700.01,0
0,0,0,0,-30.41264267,0.063226165,2,0,0,7085.33,0,0.018195539,0,0,0,0,0,0,-1.44E-05,0,0.0992,0,0,0,0,0,-1,0,0
0,0,0,0,11.37194535,0.052648959,2,0,1,32466.03,0,0.013648559,0,0,0,0,0,1,0.011284319,-0.872659596,0.042697704,0,0,5,6216.5,0,0.042697704,57649.93,0
0,0,0,0,-43.45401267,0.03031115,0,0,1,7931.26,0,0.035449103,0,0,0,-1,0,1,0.005852153,-0.900318837,0.101897531,0,0,1,825.37,0,0.101897531,8100,0
0,0,0,0,86.32210911,0.064834713,1,0,0,5979.15,0,0.032546067,0,0,0,0,0,0,-0.000277605,0,0.0992,0,0,0,5979.15,0,-1,0,0
0,0,0,0,-37.2744139,0.032347407,1,0,0,1263.87,0,0.043979285,0,0,0,0,0,0,-0.002323461,0,0,0,0,0,0,0,0,496.13,0
0,0,0,0,-29.91218441,-0.00556273,2,0,1,70629.44,0,0.015987324,0,0,0,0,0,1,0.025807036,-0.03021604,0.918984615,1993.66,2506.09,1,18341.25,0,0.918984615,3900,0
0,0,0,0,-30.41264267,0.063226165,1,0,0,480,0,0.018195539,0,0,0,0,0,0,-1.44E-05,0,0.0992,0,0,0,480,0,-1,0,0
0,0,0,0,11.37194535,0.052648959,0,0,0,0,0,0.013648559,0,0,0,0,0,0,0.011284319,-0.058328056,0,0,0,0,0,0,0,150,0
0,0,0,0,-14.44367657,0.031092162,0,0,0,0,0,0.021925232,0,0,0,0,0,0,0.006380425,-1,0,0,0,0,0,0,0,1400,0
0,0,0,0,-30.41264267,0.063226165,1,0,1,5200,0,0.018195539,1,0,0,-1,0,2,-1.44E-05,-0.644783091,0.166501802,159.48,0,1,3667.72,0,0.166501802,36507.85,0
0,0,0,0,39.74186609,-0.00692786,1,0,0,1862.29,0,0.03234882,0,0,0,0,0,0,-0.00026603,0,0,0,0,0,0,0,0,1655.06,0
0,0,0,0,31.37150466,0.028757907,2,0,1,30000,0,0.039748545,0,0,0,0,0,0,0.005743129,-0.105013715,9.85E-06,0,0.1,1,26218.33,0,9.85E-06,21310,0
0,0,0,1,-18.48879973,-0.006782332,0,0,0,1971.24,0,0.033416187,0,0,0,-1,0,0,0.000136723,-0.243322338,0.972026631,0,1216.19,0,0,2,0.972026631,2090.91,0
0,0,0,0,-18.48879973,-0.006782332,1,0,0,1652.37,0,0.033416187,0,0,0,0,0,0,0.000136723,0,0.0992,0,0,0,0,0,-1,0,0
0,0,0,0,-14.44367657,0.031092162,0,0,1,4605.26,0,0.021925232,0,0,1,-1,0,0,0.006380425,-0.342138078,0,0,0,1,74757.6,0,0,25191.6,0
0,0,0,0,-21.47628591,0.440349966,0,0,0,0,0,0.019732322,0,0,0,-2,0,0,0.00666489,-1,0,0,0,2,0,0,0,23238.93,0
0,0,0,0,20.92084006,-0.250884639,0,0,0,0,0,0.019000916,0,0,1,-1,0,0,-0.111359778,-0.998515173,0.0992,0,0,0,0,0,-1,1053.6,1
-2496,0,0,0,20.92084006,-0.250884639,1,5,0,500,0,0.019000916,0,0,1,-3,0,0,-0.111359778,-0.939174599,0.0992,0,0,0,0,0,-1,0,0
0,0,0,0,-29.91218441,-0.00556273,2,0,1,13110,0,0.015987324,0,0,0,0,0,0,0.025807036,-0.091857186,0.6752,0,0,0,11379.83,0,0.6752,1635.36,0
0,0,0,0,-19.46368057,0.029967807,0,0,0,1008,0,0.022947805,0,0,0,0,0,0,0.001527226,-0.920684524,0.199875,0,0,0,79.95,0,0.199875,400,0
0,0,0,0,-19.46368057,0.029967807,1,0,0,60000,0,0.022947805,0,0,0,0,0,0,0.001527226,0,0.014192308,0,0,1,0,0,0.014192308,2600,0
0,0,0,0,-7.342083675,0.041708281,1,0,0,25074.71,0,0.027324439,0,0,0,0,0,1,-0.00230588,-0.168735898,0.242754542,60031.2,16.3,2,30.81,0,0.242754542,41620.56,1
0,0,0,0,86.32210911,0.064834713,0,0,0,4223,1,0.032546067,1,0,1,0,0,0,-0.000277605,-1,0,0,0,0,0,0,0,4998.05,1
0,0,0,0,-21.47628591,0.440349966,2,0,1,2000,0,0.019732322,0,0,0,0,0,0,0.00666489,-0.455485,0.0992,0,0,0,1051.08,0,-1,0,0
0,0,0,0,39.74186609,-0.00692786,1,0,0,1377.59,0,0.03234882,0,0,0,0,0,0,-0.00026603,-0.354191015,0.057451687,0,0,0,0,0,0.057451687,1526.5,0
0,0,0,0,-30.41264267,0.063226165,1,0,1,7800,0,0.018195539,0,0,0,0,0,2,-1.44E-05,0,0.630054785,520.14,400,0,7341.41,0,0.630054785,13751.82,0
0,0,0,1,-29.91218441,-0.00556273,1,0,1,60000,0,0.015987324,0,0,0,-1,0,0,0.025807036,0,0.13571875,0,0,1,43819.93,0,0.13571875,1600,0
0,0,0,1,-14.44367657,0.031092162,1,0,0,10000,0,0.021925232,0,0,0,0,0,0,0.006380425,0,0.0992,0,0,0,0,0,-1,0,0
0,0,0,0,-14.44367657,0.031092162,0,0,1,7061.21,0,0.021925232,0,0,0,-1,0,1,0.006380425,-0.666261401,0.181263364,1418.04,0,2,2623.63,0,0.181263364,62574.2,0
0,0,0,0,-29.91218441,-0.00556273,1,0,0,3818.92,0,0.015987324,0,0,0,0,0,0,0.025807036,0,0.0992,0,0,0,0,1,-1,0,1
0,0,0,0,86.32210911,0.064834713,1,0,1,5001,0,0.032546067,0,0,0,-1,0,0,-0.000277605,-0.283098671,0.139495833,0,0,1,52,0,0.139495833,10008.1,0
0,0,0,1,-19.46368057,0.029967807,0,0,1,3000,0,0.022947805,0,0,0,-4,0,2,0.001527226,-0.391967345,0.848557922,343.68,935.34,0,1248.13,0,0.848557922,12450.01,0
-1,1,0,1,-29.91218441,-0.00556273,0,0,1,2434.18,0,0.015987324,0,0,0,-1,1,2,0.025807036,-0.848009844,0.061253055,806.97,0,2,1420.5,0,0.061253055,23190.68,1
-2,1,0,1,39.74186609,-0.00692786,2,2,1,53122.02,0,0.03234882,0,0,0,-3,0,0,-0.00026603,0,0.309284615,258.54,0,0,3854.13,0,0.309284615,9450,1
0,0,0,0,-21.47628591,0.440349966,1,0,0,1178.16,0,0.019732322,0,0,0,0,0,0,0.00666489,0,0.0992,0,0,0,0,0,-1,0,1
0,1,0,1,-30.41264267,0.063226165,2,0,1,3268.14,0,0.018195539,0,0,0,0,0,6,-1.44E-05,-0.483717497,0.73839611,480.8,546.83,4,12105.09,0,0.73839611,42879.51,0
0,0,0,0,-18.48879973,-0.006782332,0,0,0,7923.3,0,0.033416187,0,0,0,0,0,0,0.000136723,-1,0,0,0,0,0,0,0,3500,0
8,1,0,0,-18.48879973,-0.006782332,0,4,1,80.58,0,0.033416187,0,0,1,0,1,2,0.000136723,-0.782920286,0.079911931,5363.54,0,4,5363.54,0,0.079911931,131700.61,1
0,0,0,0,-19.46368057,0.029967807,1,0,0,23000,0,0.022947805,0,0,0,0,0,0,0.001527226,0,0.074867669,0,0,1,0,0,0.074867669,18332.88,0
0,0,0,0,-18.48879973,-0.006782332,2,0,0,1771.82,0,0.033416187,0,0,0,0,0,0,0.000136723,-0.55737365,0.0992,0,0,0,0,0,-1,1451.61,0
0,0,0,0,-37.2744139,0.032347407,0,0,0,0,0,0.043979285,0,0,0,0,0,0,-0.002323461,-0.058328056,0,0,0,0,0,0,0,1413.09,0
0,0,0,0,50.22133687,0.030216111,1,0,1,6353.78,0,0.01429334,0,0,0,0,0,1,0.006125023,-0.739896586,0.211764744,96.09,0,0,956,0,0.211764744,6094.31,0
4,1,0,1,-14.44367657,0.031092162,4,2,1,15046.66,0,0.021925232,0,0,0,0,1,0,0.006380425,0,0,0,0,0,551.1,0,0,405.38,1
0,0,0,1,-19.46368057,0.029967807,0,1,1,0,0,0.022947805,0,0,0,-1,0,1,0.001527226,-0.613568241,0.045659219,1009.45,0,3,1538.46,0,0.045659219,92994.87,0
0,0,0,0,31.37150466,0.028757907,0,0,0,0,0,0.039748545,0,0,0,0,0,1,0.005743129,0,0.24136,482.72,0,1,482.72,0,0.24136,2000,0
0,0,0,1,11.37194535,0.052648959,0,1,1,0,0,0.013648559,0,0,0,-1,0,2,0.011284319,-0.790633024,0.03763238,730.72,3729.07,3,4379.97,0,0.03763238,188920.04,0
0,0,0,0,-21.47628591,0.440349966,1,0,1,81604.05,0,0.019732322,0,0,0,0,0,0,0.00666489,0,0.0992,0,0,0,63003.29,0,-1,0,0
-3,1,0,1,31.37150466,0.028757907,1,1,1,3123.75,0,0.039748545,0,0,0,0,1,0,0.005743129,-0.353973009,0.547034602,0,536.54,0,0,0,0.547034602,3834.73,1
-2,0,0,0,86.32210911,0.064834713,0,0,0,449.24,0,0.032546067,0,0,1,-1,0,0,-0.000277605,-0.713457665,0.0992,0,0,0,0,0,-1,1051.85,0
0,0,0,0,-37.2744139,0.032347407,1,0,1,2004.59,0,0.043979285,0,0,0,-1,0,2,-0.002323461,-0.861261045,0.011101383,487.46,0,3,914.97,0,0.011101383,114736.38,0
0,0,0,0,-18.48879973,-0.006782332,0,0,0,132.55,0,0.033416187,0,0,1,-1,0,0,0.000136723,-1,0,0,0,1,0,0,0,1735.41,0
0,0,0,1,-30.41264267,0.063226165,0,0,0,1592.25,0,0.018195539,0,0,0,-1,0,0,-1.44E-05,-0.996355216,0.002354004,0,0,1,0,0,0.002354004,9716.8,0
0,0,0,0,-30.41264267,0.063226165,1,0,0,1013,0,0.018195539,0,0,0,0,0,0,-1.44E-05,0,0.0992,0,0,0,1013,0,-1,0,0
0,0,0,0,-18.48879973,-0.006782332,0,0,0,0,0,0.033416187,0,0,0,0,0,0,0.000136723,0,0.469,0,0,1,0,0,0.469,2000,0
0,0,0,0,-7.342083675,0.041708281,2,0,0,3634.76,0,0.027324439,0,0,0,0,0,0,-0.00230588,0,0,0,0,0,0,0,0,443.32,1
0,0,0,0,20.92084006,-0.250884639,2,0,1,5231.91,0,0.019000916,0,0,0,0,0,0,-0.111359778,-0.507525932,0,0,0,0,1358.32,0,0,219.79,0
-2,1,0,1,50.22133687,0.030216111,1,1,0,6550,0,0.01429334,0,0,0,-1,1,0,0.006125023,-0.541984733,0,0,0,0,0,0,0,204.91,1
0,1,0,1,-18.48879973,-0.006782332,1,0,0,2002.22,0,0.033416187,0,0,0,-2,0,0,0.000136723,-0.731019261,0.0992,0,0,0,0,0,-1,0,1
0,0,0,0,86.32210911,0.064834713,1,0,1,3490,0,0.032546067,0,0,0,0,0,0,-0.000277605,-0.045702392,0.8277375,0,0,0,887.79,0,0.8277375,800,1
-3,1,0,0,86.32210911,0.064834713,1,1,0,500,0,0.032546067,0,0,1,0,1,0,-0.000277605,0,0.0992,0,0,0,173.25,0,-1,0,1
0,0,0,0,39.74186609,-0.00692786,0,0,0,0,0,0.03234882,0,0,0,0,0,1,-0.00026603,0,0.091342857,319.7,0,1,319.7,0,0.091342857,3500,0
0,1,0,1,-21.47628591,0.440349966,0,0,1,8459.22,0,0.019732322,0,0,0,0,0,2,0.00666489,-0.815473955,0.067127725,0,0,2,989.36,0,0.067127725,268433.91,0
0,0,0,0,-18.48879973,-0.006782332,1,0,0,1001.05,0,0.033416187,0,0,0,0,0,0,0.000136723,0,0.0992,0,0,0,0,1,-1,0,0
0,0,0,1,-14.44367657,0.031092162,1,0,1,40000,0,0.021925232,0,0,0,0,0,2,0.006380425,-0.135518966,0.438287586,3235.2,2406.77,4,6947.59,0,0.438287586,95796.24,0
0,0,0,0,-30.41264267,0.063226165,1,0,0,66000,0,0.018195539,0,0,1,-1,0,0,-1.44E-05,-0.08087539,0.102258621,0,0,0,0,0,0.102258621,2900,0
0,0,0,0,-18.48879973,-0.006782332,0,0,1,0,0,0.033416187,0,0,1,0,0,1,0.000136723,0,0.258439196,0,0,1,7.84,0,0.258439196,13634,0
0,0,0,1,39.74186609,-0.00692786,2,1,0,12340.52,0,0.03234882,0,0,0,0,0,0,-0.00026603,-0.037660117,0,0,0,1,0,1,0,5248,0
0,0,0,0,50.22133687,0.030216111,0,1,1,1201.28,0,0.01429334,0,0,0,0,0,0,0.006125023,0,0.613824892,0,2105.17,0,163.56,1,0.613824892,3605.67,0
13,1,0,1,-14.44367657,0.031092162,2,1,0,1540.94,0,0.021925232,0,0,0,0,1,0,0.006380425,0,0.31944066,0,0,0,0,0,0.31944066,2789,1
0,0,0,1,31.37150466,0.028757907,0,0,1,0,0,0.039748545,0,0,0,0,0,2,0.005743129,-0.018886141,0.210653818,474.49,0,2,23199.28,0,0.210653818,95659.32,0
0,0,0,0,86.32210911,0.064834713,1,0,0,892,0,0.032546067,0,0,0,0,0,0,-0.000277605,0,0.0992,0,0,0,892,0,-1,0,0
0,0,0,1,-18.48879973,-0.006782332,2,0,0,26454.95,0,0.033416187,0,0,0,0,0,0,0.000136723,-0.223070144,0.110334278,0,0,4,0,0,0.110334278,23822,0
0,1,0,1,11.37194535,0.052648959,2,0,0,13329.58,0,0.013648559,0,0,0,-1,0,0,0.011284319,0,0,0,0,0,0,0,0,4036.36,0
0,0,0,0,-21.47628591,0.440349966,1,0,0,58500,0,0.019732322,0,0,0,-1,0,0,0.00666489,-0.572649573,0,0,0,0,4984.08,0,0,30000,0
0,0,0,1,-18.48879973,-0.006782332,0,0,1,2013.49,0,0.033416187,0,0,0,0,0,1,0.000136723,-0.534810279,0.628255,0,0,1,790.08,0,0.628255,2000,0
0,0,0,0,-43.45401267,0.03031115,0,0,1,0,0,0.035449103,0,0,0,0,0,1,0.005852153,-0.7803119,0.04855605,105.15,0,1,277.02,0,0.04855605,5796.6,0
0,0,0,0,-14.44367657,0.031092162,0,0,1,5730.96,0,0.021925232,0,0,0,-4,0,0,0.006380425,-0.954860631,0.073943396,0,0,1,391.9,0,0.073943396,29014.04,0
0,0,0,0,-21.47628591,0.440349966,1,0,1,2975.8,0,0.019732322,0,0,0,0,0,0,0.00666489,-0.918735183,0,0,0,1,0,0,0,45282.53,0
-8,0,0,0,-19.46368057,0.029967807,2,3,1,29161.24,1,0.022947805,1,0,1,0,0,4,0.001527226,-0.211569274,0.383910154,1132.02,50.05,5,30450.9,0,0.383910154,61541.92,0
0,0,0,0,-18.48879973,-0.006782332,1,0,0,8430.4,0,0.033416187,0,0,0,0,0,0,0.000136723,-0.076609,0,0,0,0,0,0,0,9500,0
0,0,0,1,-19.46368057,0.029967807,1,0,1,7000,0,0.022947805,0,0,0,0,0,3,0.001527226,0,0.927202611,3698.14,4449.79,2,6540.26,0,0.927202611,15438.99,0
0,0,0,0,31.37150466,0.028757907,1,0,0,417.93,0,0.039748545,0,0,0,0,0,0,0.005743129,0,0.0992,0,0,0,0,0,-1,0,0
0,0,0,0,-21.47628591,0.440349966,0,0,1,0,0,0.019732322,0,0,0,0,0,1,0.00666489,-0.685343864,0.071479183,238.53,0,3,824.24,0,0.071479183,28707.91,1
0,0,0,1,-14.44367657,0.031092162,2,0,1,14165.27,0,0.021925232,0,0,0,-1,0,0,0.006380425,-0.530278073,0.0992,0,0,0,7099.21,0,-1,3805.34,0
0,0,0,0,20.92084006,-0.250884639,1,0,0,200,0,0.019000916,0,0,0,0,0,0,-0.111359778,-0.80620155,0.0992,0,0,0,0,0,-1,0,0
0,0,0,1,-37.2744139,0.032347407,2,0,1,21372.98,0,0.043979285,0,0,0,-2,0,0,-0.002323461,0,0.741371708,1628.92,0,0,13331.26,0,0.741371708,12593.1,1
0,0,0,0,20.92084006,-0.250884639,0,0,0,0,0,0.019000916,0,0,0,0,0,0,-0.111359778,-0.980868058,0.001529245,0,0,4,0,0,0.001529245,32767.8,0
0,0,0,0,-19.46368057,0.029967807,1,0,1,500,1,0.022947805,1,0,1,0,0,0,0.001527226,-0.709875958,0.388890728,0,0,2,74.31,0,0.388890728,2230.02,0
0,0,0,0,11.37194535,0.052648959,1,0,1,4000,0,0.013648559,0,0,0,0,0,2,0.011284319,-0.489023642,0.39433,0,1221.32,2,2548.01,1,0.39433,13455.78,0
0,0,0,0,11.37194535,0.052648959,1,1,1,15000,0,0.013648559,0,0,0,0,0,0,0.011284319,-0.216824667,0.064223077,0,0,0,470.45,0,0.064223077,6500,1
0,0,0,0,-18.48879973,-0.006782332,1,0,0,181.35,0,0.033416187,0,0,0,0,0,0,0.000136723,0,0.0992,0,0,0,0,1,-1,0,0
0,0,0,0,-18.48879973,-0.006782332,0,0,1,0,0,0.033416187,0,0,0,0,0,1,0.000136723,0,0.134657143,56.37,0,0,56.37,2,0.134657143,1050,1
0,0,0,1,-37.2744139,0.032347407,0,0,0,0,0,0.043979285,0,0,0,0,0,0,-0.002323461,-0.745649504,0.01492419,0,0,3,0,0,0.01492419,92557.11,0
0,0,0,0,31.37150466,0.028757907,0,0,0,0,0,0.039748545,0,0,0,0,0,0,0.005743129,-0.951919211,0.004983333,0,0,0,0,0,0.004983333,6000,0
0,0,0,0,-18.48879973,-0.006782332,2,0,0,2523.57,0,0.033416187,0,0,0,0,0,0,0.000136723,-0.23776093,0,0,0,0,0,0,0,2800.97,0
0,0,0,0,-29.91218441,-0.00556273,1,0,0,2000,0,0.015987324,0,0,0,0,0,0,0.025807036,0,0.447693084,0,0,2,0,0,0.447693084,19712.9,0
0,0,0,0,-37.2744139,0.032347407,0,0,0,0,0,0.043979285,0,0,0,0,0,0,-0.002323461,-0.11881714,0.0992,0,0,0,0,1,-1,0,1
0,0,0,0,-19.46368057,0.029967807,0,0,1,1565.08,0,0.022947805,0,0,0,0,0,0,0.001527226,-0.498263746,0.423310689,0,893.91,1,0,1,0.423310689,13161.17,0
3,0,0,0,50.22133687,0.030216111,0,3,0,1000,0,0.01429334,0,0,1,0,0,0,0.006125023,-0.428494848,0.571333333,0,0,0,0,1,0.571333333,1200,1
0,0,0,0,-18.48879973,-0.006782332,1,0,0,272.34,0,0.033416187,0,0,0,-3,0,0,0.000136723,-0.038638395,0.384575185,0,0,2,0,0,0.384575185,22651.23,0
-2,1,0,1,50.22133687,0.030216111,2,0,1,7177.9,0,0.01429334,0,0,0,0,1,0,0.006125023,-0.081849845,0.0992,0,0,0,3768.62,0,-1,100,0
0,0,0,0,86.32210911,0.064834713,1,0,0,3575.38,0,0.032546067,0,0,0,0,0,0,-0.000277605,0,0.0992,0,0,0,0,1,-1,0,0
-1,1,0,1,86.32210911,0.064834713,0,1,0,2582.56,0,0.032546067,0,0,0,-1,1,0,-0.000277605,-0.679696909,0.342883428,0,0,1,0,0,0.342883428,20853.12,1
0,0,0,1,-43.45401267,0.03031115,0,0,0,0,0,0.035449103,0,0,0,0,0,0,0.005852153,-0.292993997,0.404670104,0,75.15,0,0,0,0.404670104,3646.6,0
0,0,0,0,11.37194535,0.052648959,1,0,0,1100,0,0.013648559,0,0,0,0,0,0,0.011284319,-0.454746432,0,0,0,2,0,0,0,9127.6,0
0,0,0,0,-37.2744139,0.032347407,0,0,0,0,0,0.043979285,0,0,1,0,0,0,-0.002323461,-1,0,0,0,1,0,0,0,6500,0
0,0,0,0,-19.46368057,0.029967807,2,0,0,2130,0,0.022947805,0,0,0,0,0,0,0.001527226,0,0.0992,0,0,0,2000,0,-1,0,1
0,0,0,0,-14.44367657,0.031092162,0,0,0,0,0,0.021925232,0,0,0,0,0,0,0.006380425,0,0.153496489,0,0,1,0,0,0.153496489,2492.5,0
0,0,0,0,20.92084006,-0.250884639,0,0,0,0,0,0.019000916,0,0,0,0,0,0,-0.111359778,-0.217442385,0.002196,19066.69,0,0,0,0,0.002196,5000,0
0,0,0,0,-29.91218441,-0.00556273,2,0,1,57408.52,0,0.015987324,0,0,0,0,0,2,0.025807036,0,0.548786667,0,1645.78,1,35112.48,0,0.548786667,3000,0
0,0,0,0,-7.342083675,0.041708281,1,0,0,6150.22,0,0.027324439,0,0,0,0,0,0,-0.00230588,0,0.0992,0,0,0,0,1,-1,0,0
0,0,0,0,31.37150466,0.028757907,2,0,0,2214.54,0,0.039748545,0,0,0,0,0,0,0.005743129,0,0.0992,0,0,0,441.43,0,-1,3600,0
0,0,0,0,20.92084006,-0.250884639,0,0,0,0,0,0.019000916,0,0,1,0,0,0,-0.111359778,-0.991876904,0.0992,0,0,0,0,0,-1,253.98,1
0,0,0,0,-18.48879973,-0.006782332,0,2,0,0,0,0.033416187,0,0,0,0,0,0,0.000136723,-0.966277,0.919718182,0,0,0,0,0,0.919718182,1100,0
0,0,0,0,-43.45401267,0.03031115,3,0,1,27194.03,0,0.035449103,0,0,1,0,0,0,0.005852153,0,0.968255769,0,4576.4,1,10000,0,0.968255769,5200,0
0,0,0,0,11.37194535,0.052648959,2,0,0,5531.95,0,0.013648559,0,0,0,0,0,0,0.011284319,-0.36026356,0.0992,0,0,0,0,0,-1,0,0
0,0,0,0,-21.47628591,0.440349966,2,0,1,11375.39,0,0.019732322,0,0,0,0,0,0,0.00666489,0,0.0992,0,0,0,2917.31,0,-1,0,0
0,0,0,0,-37.2744139,0.032347407,0,0,0,3005,0,0.043979285,0,0,0,0,0,0,-0.002323461,-1,0,0,0,0,0,0,0,4800,0
0,0,0,0,20.92084006,-0.250884639,0,0,0,460,0,0.019000916,0,0,0,0,0,0,-0.111359778,-0.989730587,0.000982508,0,0,1,0,0,0.000982508,30300,0
0,0,0,0,11.37194535,0.052648959,1,0,1,50000,0,0.013648559,0,0,0,-1,0,0,0.011284319,0,0.001683538,0,0,1,19258.33,0,0.001683538,34569.91,0
0,0,0,0,50.22133687,0.030216111,2,0,1,14152.73,0,0.01429334,0,0,0,0,0,2,0.006125023,-0.019398866,0.398664836,364.07,1306.95,4,7818.24,0,0.398664836,39325.57,0
0,0,0,0,50.22133687,0.030216111,2,0,0,2492.56,0,0.01429334,0,0,1,0,0,0,0.006125023,-0.36778134,0.0992,0,0,0,0,0,-1,0,1
0,0,0,0,86.32210911,0.064834713,1,0,0,2182.87,0,0.032546067,0,0,0,0,0,0,-0.000277605,0,0.0992,0,0,0,0,0,-1,0,0
0,0,0,0,-37.2744139,0.032347407,1,0,1,17557.11,0,0.043979285,0,0,1,0,0,0,-0.002323461,-0.105761162,0.334070284,0,1200,1,14524.92,0,0.334070284,26388.01,1
0,1,0,1,-21.47628591,0.440349966,4,0,1,21861.74,0,0.019732322,0,0,0,-2,0,1,0.00666489,-0.42220875,0.387976371,0,0,1,16650.99,0,0.387976371,18654.09,0
0,0,0,0,11.37194535,0.052648959,2,0,1,62885,0,0.013648559,0,0,0,0,0,2,0.011284319,0,0.088267524,0,0,2,26481.66,0,0.088267524,52900.09,0
0,0,0,0,-43.45401267,0.03031115,2,0,1,5052.71,0,0.035449103,0,0,0,0,0,0,0.005852153,-0.013161254,0,0,0,0,913.22,0,0,1200,0
9,1,0,1,50.22133687,0.030216111,2,1,0,3500,0,0.01429334,0,0,1,0,1,0,0.006125023,-0.04104498,0.0992,0,0,0,0,1,-1,0,1
0,0,0,0,-19.46368057,0.029967807,1,0,0,500,0,0.022947805,0,0,0,0,0,0,0.001527226,-0.503115466,0.0992,0,0,0,0,0,-1,0,0
-5,1,0,0,11.37194535,0.052648959,1,0,0,1337.79,0,0.013648559,1,0,1,0,1,0,0.011284319,-0.268889818,0.0992,0,0,0,0,0,-1,34.54,1
0,0,0,0,-7.342083675,0.041708281,0,0,0,0,0,0.027324439,0,0,0,0,0,1,-0.00230588,-0.03458803,0.610421212,1477.57,0,1,1477.57,0,0.610421212,3300,0
0,0,0,0,11.37194535,0.052648959,0,0,1,430,0,0.013648559,0,0,0,0,0,1,0.011284319,0,0.629458038,0,0,1,704.11,0,0.629458038,23129.85,0
0,0,0,0,-14.44367657,0.031092162,0,0,0,0,0,0.021925232,0,0,0,0,0,1,0.006380425,0,0.116666667,175,0,1,175,0,0.116666667,1500,0
0,0,0,0,-30.41264267,0.063226165,1,0,0,1500,0,0.018195539,0,0,1,0,0,0,-1.44E-05,0,0.0992,0,0,0,1500,0,-1,0,0
-5,1,0,1,-30.41264267,0.063226165,1,1,0,2735.51,0,0.018195539,0,0,0,0,1,0,-1.44E-05,0,0,0,0,0,124.31,0,0,166.01,0
0,0,0,0,-14.44367657,0.031092162,1,0,0,1277.99,0,0.021925232,0,0,0,0,0,0,0.006380425,0,0,0,0,0,0,0,0,236.12,0
0,0,0,0,-29.91218441,-0.00556273,0,0,0,0,0,0.015987324,0,0,0,0,0,0,0.025807036,-0.6066,0.00811875,0,0,0,0,1,0.00811875,1600,0
0,0,0,0,-29.91218441,-0.00556273,2,0,0,11893.23,0,0.015987324,0,0,0,0,0,0,0.025807036,0,0.0992,0,0,0,0,0,-1,0,0
-2,1,0,1,-14.44367657,0.031092162,1,0,0,20000,0,0.021925232,0,0,0,-1,1,0,0.006380425,0,0.0992,0,0,0,0,1,-1,2758.44,1
0,0,0,0,-29.91218441,-0.00556273,1,0,0,1085,0,0.015987324,0,0,1,0,0,0,0.025807036,0,0.0992,0,0,0,1085,0,-1,0,1
0,0,0,0,50.22133687,0.030216111,0,0,0,0,0,0.01429334,0,0,0,0,0,1,0.006125023,0,0.758875,575.78,0,1,575.78,0,0.758875,1600,1
0,0,0,0,-18.48879973,-0.006782332,0,0,1,0,0,0.033416187,0,0,0,0,0,0,0.000136723,0,0.032285973,0,0,1,0,0,0.032285973,9582.18,0
0,0,0,0,50.22133687,0.030216111,1,0,0,3242.02,0,0.01429334,0,0,0,0,0,0,0.006125023,0,0,0,0,0,0,0,0,40.36,1
0,0,0,1,-30.41264267,0.063226165,0,0,1,0,0,0.018195539,0,0,0,0,0,1,-1.44E-05,-0.433065464,0.209882459,0,0,1,1567.89,0,0.209882459,36812.68,0
0,0,0,0,-14.44367657,0.031092162,1,0,0,715.8,0,0.021925232,0,0,0,0,0,0,0.006380425,-0.407045051,0.371083979,0,0,0,0,0,0.371083979,2686.4,0
0,0,0,0,20.92084006,-0.250884639,1,0,0,2590,0,0.019000916,0,0,0,0,0,0,-0.111359778,0,0.9945,0,0,0,0,0,0.9945,3300,0
0,1,0,1,-14.44367657,0.031092162,0,0,1,2080,0,0.021925232,0,0,0,0,0,0,0.006380425,-0.078757858,0.211230461,0,2000.1,1,0,0,0.211230461,18974.11,0
0,0,0,0,-19.46368057,0.029967807,2,0,1,11544.18,0,0.022947805,0,0,0,-1,0,0,0.001527226,-0.530360703,0.494578612,0,100,0,995.75,1,0.494578612,12091,0
0,0,0,0,-29.91218441,-0.00556273,1,0,1,13000,0,0.015987324,0,0,0,0,0,0,0.025807036,-0.235291538,0.13443444,0,0,0,9375.56,0,0.13443444,9050,0
12,1,0,1,11.37194535,0.052648959,2,1,1,24764.13,0,0.013648559,0,0,0,0,1,0,0.011284319,0,0.999380236,0,0,0,18897.21,0,0.999380236,1500.57,1
0,0,0,0,-29.91218441,-0.00556273,2,0,1,88495.49,0,0.015987324,0,0,0,-1,0,2,0.025807036,-0.116583771,0.40283876,1291.09,0,2,37329.79,0,0.40283876,20395.96,0
0,0,0,0,-37.2744139,0.032347407,0,0,1,33609.06,0,0.043979285,0,0,1,0,0,0,-0.002323461,-0.092026371,0.340018941,0,0,0,34.99,2,0.340018941,22088.52,0
1,0,0,0,-19.46368057,0.029967807,1,0,0,1366.57,0,0.022947805,0,0,0,0,0,0,0.001527226,0,0.776981561,0,0,0,0,0,0.776981561,1029.87,1
0,0,0,0,50.22133687,0.030216111,1,0,0,15288.43,0,0.01429334,0,0,0,-1,0,0,0.006125023,0,0.0992,0,0,0,0,0,-1,0,0
-7,0,0,0,-43.45401267,0.03031115,1,0,0,2835.59,1,0.035449103,1,0,1,0,0,0,0.005852153,-0.027708819,0.0992,0,0,0,0,0,-1,1092.34,0
-1,1,0,1,20.92084006,-0.250884639,2,0,1,4537.78,0,0.019000916,0,0,0,-1,1,6,-0.111359778,-0.366539727,0.631437195,24656.89,5317.35,3,29194.67,0,0.631437195,72898.67,0
-1,1,0,1,11.37194535,0.052648959,0,0,1,0,0,0.013648559,0,0,0,0,1,2,0.011284319,-0.377889197,0.363344904,386.77,0,1,842.51,0,0.363344904,3169,0
0,0,0,0,86.32210911,0.064834713,0,0,0,0,0,0.032546067,0,0,0,0,0,0,-0.000277605,-0.058328056,0,0,0,1,0,0,0,900,0
0,0,0,0,-7.342083675,0.041708281,1,0,0,380,0,0.027324439,0,0,1,0,0,0,-0.00230588,0,0.72672,0,0,0,154.81,0,0.72672,1000,1
0,0,0,0,39.74186609,-0.00692786,1,0,1,2626.75,0,0.03234882,0,0,0,0,0,0,-0.00026603,0,0.519527559,0,0,0,0,0,0.519527559,6350,0
0,0,0,0,-18.48879973,-0.006782332,1,0,1,1868.3,0,0.033416187,0,0,0,-1,0,0,0.000136723,0,0.481309502,0,3533.6,0,0,0,0.481309502,7635.65,0
0,0,0,0,-29.91218441,-0.00556273,1,0,1,4483.18,0,0.015987324,0,0,0,-2,0,0,0.025807036,-0.403226553,0.027974965,0,0,1,185.25,0,0.027974965,13093.07,0
-5,1,0,1,39.74186609,-0.00692786,0,1,1,2013,0,0.03234882,0,0,0,-1,1,3,-0.00026603,-0.098461844,0.177932589,1315.7,1036.25,3,1793.54,0,0.177932589,27993.27,0
0,0,0,0,11.37194535,0.052648959,1,0,0,3043.28,0,0.013648559,0,0,0,0,0,0,0.011284319,0,0.564176923,0,0,0,0,0,0.564176923,1300,0
0,0,0,0,-29.91218441,-0.00556273,0,0,0,0,0,0.015987324,0,0,0,-2,0,1,0.025807036,-0.998523044,0.002493333,7.48,0,0,7.48,0,0.002493333,12999.82,0
0,0,0,1,-43.45401267,0.03031115,1,0,0,1500.08,0,0.035449103,0,0,0,0,0,0,0.005852153,-0.045457576,0.08866267,0,0,0,0,0,0.08866267,2195.72,0
0,0,0,0,-29.91218441,-0.00556273,1,0,0,3000,0,0.015987324,0,0,0,0,0,0,0.025807036,0,0.0992,0,0,0,390.96,0,-1,0,0
0,0,0,0,-7.342083675,0.041708281,1,0,0,2388.69,0,0.027324439,0,0,0,0,0,0,-0.00230588,0,0.328430259,0,0,0,0,2,0.328430259,1056.48,1
0,0,0,0,-18.48879973,-0.006782332,0,0,1,0,0,0.033416187,0,0,0,0,0,0,0.000136723,-0.10822025,0.183267111,0,0,1,0,0,0.183267111,29916.77,0
0,0,0,0,86.32210911,0.064834713,1,0,1,2800.66,0,0.032546067,0,0,0,0,0,0,-0.000277605,-0.017538723,0.5068,0,0,0,902.35,0,0.5068,800,0
0,0,0,0,-7.342083675,0.041708281,1,0,0,2105.7,0,0.027324439,0,0,0,-1,0,0,-0.00230588,-0.239521299,0.082735385,0,0,0,207.18,0,0.082735385,5600,0
0,0,0,1,-37.2744139,0.032347407,1,0,1,22282.24,0,0.043979285,0,0,0,0,0,0,-0.002323461,-0.970807302,0,0,0,0,735.12,0,0,30500,0
0,0,0,0,-21.47628591,0.440349966,0,0,1,1771.75,0,0.019732322,0,0,1,0,0,1,0.00666489,-0.793621083,0.346857812,19.86,0,0,19.86,0,0.346857812,6745.3,0
0,0,0,0,-18.48879973,-0.006782332,2,0,1,2143.25,0,0.033416187,0,0,0,0,0,0,0.000136723,-0.051504007,0,0,0,0,94.26,0,0,3516.49,0
0,0,0,0,86.32210911,0.064834713,2,0,1,5755.98,0,0.032546067,0,0,0,0,0,0,-0.000277605,-0.165990814,0.0992,0,0,0,902.67,2,-1,3494.17,0
0,0,0,0,-37.2744139,0.032347407,1,0,0,1526.88,0,0.043979285,0,0,1,0,0,1,-0.002323461,0,0.468146154,0,0,1,181.11,0,0.468146154,1300,1
0,0,0,0,-19.46368057,0.029967807,1,0,1,689.97,0,0.022947805,0,0,0,0,0,1,0.001527226,-0.055120704,0.856526667,0,0,0,0,1,0.856526667,3000,0
-11,0,0,0,-21.47628591,0.440349966,1,2,0,330.26,1,0.019732322,1,0,1,0,0,0,0.00666489,-0.351188622,0.0992,0,0,0,110.02,0,-1,0,1
-18,0,0,0,-30.41264267,0.063226165,3,4,1,13625.97,1,0.018195539,1,0,1,0,0,0,-1.44E-05,-0.369462299,0.276542522,0,0,1,3658.9,0,0.276542522,5794.52,1
0,0,0,0,11.37194535,0.052648959,1,0,0,430,0,0.013648559,0,0,0,0,0,0,0.011284319,-0.395348837,0.0992,0,0,0,35,0,-1,0,0
4,0,0,0,11.37194535,0.052648959,1,1,0,5360.57,0,0.013648559,0,0,0,0,0,0,0.011284319,0,0.854367497,0,2382.02,1,0,3,0.854367497,3923.3,0
-4,1,0,1,86.32210911,0.064834713,1,0,0,300,0,0.032546067,0,0,0,0,1,0,-0.000277605,-0.166666667,0.0992,0,0,0,197.11,0,-1,0,0
0,0,0,0,-7.342083675,0.041708281,0,0,0,0,0,0.027324439,0,0,0,0,0,0,-0.00230588,-0.058328056,0,0,0,1,0,0,0,6971.29,0
0,0,0,0,31.37150466,0.028757907,0,0,1,0,0,0.039748545,0,0,0,0,0,1,0.005743129,-0.156076257,0.027821252,831.8,0,3,302044.73,0,0.027821252,154231.02,0
0,0,0,0,86.32210911,0.064834713,0,0,1,967.43,0,0.032546067,0,0,0,-1,0,1,-0.000277605,-0.961134372,0.017335135,14.4,0,4,14.4,0,0.017335135,67824.37,0
0,0,0,0,39.74186609,-0.00692786,0,0,1,0,0,0.03234882,0,0,0,0,0,1,-0.00026603,-0.843849381,0.238519706,44.25,0,1,781.33,0,0.238519706,15073.91,0
0,0,0,0,11.37194535,0.052648959,3,0,1,16743.34,0,0.013648559,0,0,0,0,0,1,0.011284319,-0.01583783,0.21498762,0,841.81,1,1375.39,0,0.21498762,5882.48,0
0,0,0,0,-18.48879973,-0.006782332,2,1,1,4914.17,0,0.033416187,0,0,0,0,0,1,0.000136723,0,0.553489537,381.83,2270.15,1,381.83,0,0.553489537,6788.15,1
0,0,0,0,31.37150466,0.028757907,0,0,0,0,0,0.039748545,0,0,1,-1,0,0,0.005743129,-0.08775357,0,0,0,0,0,0,0,7700,0
0,0,0,0,-18.48879973,-0.006782332,4,0,1,92338.49,0,0.033416187,0,0,0,0,0,0,0.000136723,-0.402487912,0.019489491,0,0,0,7216.26,0,0.019489491,45719.51,1
0,0,0,0,20.92084006,-0.250884639,2,0,1,77744.03,0,0.019000916,0,0,0,0,0,4,-0.111359778,-0.30750368,0.204568771,10311.16,5651.01,2,58434.25,0,0.204568771,50404.37,0
0,0,0,0,-30.41264267,0.063226165,2,0,1,4867.91,0,0.018195539,0,0,1,0,0,0,-1.44E-05,-0.489983352,0.0992,0,0,0,249.6,0,-1,0,0
0,0,0,0,-29.91218441,-0.00556273,1,0,0,10000,0,0.015987324,0,0,0,0,0,0,0.025807036,-0.072434921,0.60950241,0,0,1,0,0,0.60950241,8300,0
0,0,0,0,-18.48879973,-0.006782332,0,0,0,8530.05,0,0.033416187,0,0,0,-1,0,0,0.000136723,-1,0,0,0,1,0,0,0,6191.6,0
-5,1,0,1,20.92084006,-0.250884639,3,1,1,43019.23,0,0.019000916,0,0,0,0,1,3,-0.111359778,-0.258345182,0.235207003,2478.72,0,2,8408.97,0,0.235207003,32284.69,0
0,0,0,0,11.37194535,0.052648959,2,0,0,16156.87,0,0.013648559,0,0,1,0,0,0,0.011284319,0,0.0992,0,0,0,0,0,-1,0,1
0,0,0,0,-14.44367657,0.031092162,1,0,0,3111.06,0,0.021925232,0,0,0,0,0,0,0.006380425,-0.794952025,0,0,0,0,0,0,0,1649.43,1
0,0,0,0,11.37194535,0.052648959,3,0,1,8937.7,0,0.013648559,0,0,0,-1,0,0,0.011284319,0,0.259434483,0,49.82,0,629.54,1,0.259434483,2900,0
0,0,0,0,-7.342083675,0.041708281,1,0,0,1514.43,0,0.027324439,0,0,0,-1,0,0,-0.00230588,-0.009528337,0.0992,0,0,0,135.46,0,-1,81.19,0
0,0,0,0,20.92084006,-0.250884639,0,0,0,0,0,0.019000916,0,0,1,0,0,1,-0.111359778,0,0.990726667,0,0,1,1486.09,0,0.990726667,1500,1
0,0,0,0,50.22133687,0.030216111,1,0,0,300,0,0.01429334,0,0,0,0,0,0,0.006125023,0,0.0992,0,0,0,300,0,-1,0,1
0,1,0,1,-30.41264267,0.063226165,1,0,1,26734.7,0,0.018195539,0,0,0,0,0,0,-1.44E-05,0,0.930015347,0,10236.19,1,11822.83,0,0.930015347,18000.75,0
0,0,0,0,20.92084006,-0.250884639,1,0,0,35310.1,0,0.019000916,0,0,0,-1,0,0,-0.111359778,-0.291987278,0.0992,0,0,0,0,0,-1,1000.05,0
0,0,0,0,-30.41264267,0.063226165,1,0,0,2038.14,0,0.018195539,0,0,0,0,0,0,-1.44E-05,0,0.0992,0,0,0,0,0,-1,0,0
0,0,0,0,50.22133687,0.030216111,0,0,0,2887.51,0,0.01429334,0,0,0,-2,0,0,0.006125023,-0.984142046,0.065414286,0,0,0,0,0,0.065414286,2022.66,0
0,0,0,1,11.37194535,0.052648959,0,0,1,0,0,0.013648559,0,0,0,0,0,5,0.011284319,-0.80147663,0.112385242,33045.41,0,4,33045.41,0,0.112385242,319241.6,0
0,0,0,0,-29.91218441,-0.00556273,1,0,1,13924.3,0,0.015987324,0,0,0,0,0,0,0.025807036,0,0.452410537,0,326.64,1,13887.22,0,0.452410537,9174.72,1
0,0,0,0,86.32210911,0.064834713,2,0,0,26138.29,0,0.032546067,0,0,0,0,0,0,-0.000277605,-0.479971676,0.0992,0,0,0,0,0,-1,0,0
0,0,0,0,-14.44367657,0.031092162,1,0,1,51550,0,0.021925232,0,0,0,0,0,1,0.006380425,0,0.000176736,13.72,0,3,54.97,0,0.000176736,80328.33,0
0,0,0,0,-19.46368057,0.029967807,1,0,0,4109.38,0,0.022947805,0,0,1,0,0,0,0.001527226,-0.126087505,0,0,0,0,0,1,0,291.5,0
0,0,0,0,-19.46368057,0.029967807,2,0,0,12840,0,0.022947805,0,0,0,0,0,0,0.001527226,0,0.280824324,0,1000,0,0,1,0.280824324,3700,0
0,0,0,0,-14.44367657,0.031092162,1,0,0,4000,0,0.021925232,0,0,1,0,0,0,0.006380425,0,0.397744247,0,0,0,0,0,0.397744247,6138.97,1
0,0,0,0,86.32210911,0.064834713,1,0,1,91044.09,0,0.032546067,0,0,0,0,0,1,-0.000277605,-0.028125993,0.290619355,2.9,0,1,2.9,0,0.290619355,9300,0
-1,0,0,0,11.37194535,0.052648959,2,0,0,16438.85,0,0.013648559,0,0,0,-1,0,0,0.011284319,-0.282203129,0,26025.72,0,0,0,0,0,2000,0
10,1,0,1,39.74186609,-0.00692786,0,1,0,0,0,0.03234882,0,0,0,0,1,0,-0.00026603,-0.854702591,0.101510857,0,222.54,1,0,0,0.101510857,4937.19,1
0,0,0,0,31.37150466,0.028757907,0,0,0,2984.99,0,0.039748545,0,0,0,0,0,0,0.005743129,-0.277887028,0.289614586,0,2000,0,0,0,0.289614586,7442.65,0
0,0,0,0,-19.46368057,0.029967807,1,0,1,38441.92,0,0.022947805,0,0,0,0,0,0,0.001527226,-0.79661325,0.047765964,0,235.4,0,10250.2,0,0.047765964,27936.21,0
0,0,0,0,-18.48879973,-0.006782332,1,0,0,2423.74,0,0.033416187,0,0,0,0,0,0,0.000136723,-0.46871397,1,0,1000,0,0,0,1,4926.92,0
0,0,1,0,-7.342083675,0.041708281,0,0,0,1307.07,0,0.027324439,0,0,1,0,0,0,-0.00230588,-0.076365156,0.70444,0,0,0,0,1,0.70444,1988.8,1
0,0,0,0,-19.46368057,0.029967807,0,0,1,536.95,0,0.022947805,0,0,0,-1,0,0,0.001527226,-0.102685799,0.065110598,0,0,1,0,0,0.065110598,60580,0
0,0,0,0,50.22133687,0.030216111,1,0,0,5891.32,0,0.01429334,1,0,1,0,0,0,0.006125023,-0.028064523,0.970777118,0,2940.62,0,0,1,0.970777118,3304.26,1
0,0,0,0,-19.46368057,0.029967807,1,0,0,1000,0,0.022947805,0,0,0,0,0,0,0.001527226,-0.51951,0,0,0,0,0,0,0,4031.11,0
0,0,0,0,-37.2744139,0.032347407,1,0,0,1887.04,0,0.043979285,0,0,0,0,0,0,-0.002323461,0,0.0992,0,0,0,0,0,-1,0,0
0,0,0,0,39.74186609,-0.00692786,1,0,0,1006.27,0,0.03234882,0,0,0,0,0,0,-0.00026603,0,0.1415375,0,0,0,189.33,0,0.1415375,800,1
0,0,0,0,-7.342083675,0.041708281,0,0,0,473.45,0,0.027324439,0,0,0,0,0,0,-0.00230588,-0.463117282,0.051670987,0,0,2,0,0,0.051670987,59624.95,0
0,0,0,0,-37.2744139,0.032347407,1,0,0,2359.67,0,0.043979285,0,0,0,0,0,0,-0.002323461,0,0,0,0,0,0,1,0,70.17,0
0,0,0,0,20.92084006,-0.250884639,1,0,0,34.46,0,0.019000916,0,0,0,0,0,0,-0.111359778,-0.9994653,0.0992,0,0,0,0,0,-1,0,1
-1,1,0,1,-43.45401267,0.03031115,0,0,0,0,0,0.035449103,0,0,0,-1,1,0,0.005852153,-0.519076667,0.088105155,0,0,2,0,0,0.088105155,13000,0
0,0,0,0,-18.48879973,-0.006782332,1,0,1,7000,0,0.033416187,0,0,0,0,0,1,0.000136723,0,0.738408989,0.12,0,1,2899.95,0,0.738408989,8900,0
-5,1,0,1,11.37194535,0.052648959,1,1,1,2876,0,0.013648559,0,0,0,0,1,1,0.011284319,-0.408387572,0.120169648,358.99,151.9,1,819.66,0,0.120169648,7439.12,0
0,1,0,1,-30.41264267,0.063226165,0,0,0,0,0,0.018195539,0,0,0,0,0,0,-1.44E-05,0,0.021165748,0,0,1,0,0,0.021165748,37254.53,0
0,0,0,0,-30.41264267,0.063226165,0,0,1,0,0,0.018195539,0,0,0,-2,0,1,-1.44E-05,-0.901689694,0.081872974,972.75,0,2,972.75,0,0.081872974,25792.1,0
-2,1,0,1,-14.44367657,0.031092162,3,0,1,3849.2,0,0.021925232,0,0,0,0,1,0,0.006380425,-0.330611556,0.0992,0,0,0,654.46,0,-1,0,0
0,0,0,0,-21.47628591,0.440349966,1,0,1,29270.3,0,0.019732322,0,0,0,0,0,1,0.00666489,-0.719558571,0.072244198,0,0,1,81,0,0.072244198,10036.1,0
0,0,0,0,-14.44367657,0.031092162,1,0,0,1053.17,0,0.021925232,0,0,0,0,0,0,0.006380425,-0.264986807,0.4327625,0,0,0,0,1,0.4327625,800,1
0,0,0,0,39.74186609,-0.00692786,1,0,0,5500,0,0.03234882,0,0,0,0,0,0,-0.00026603,0,0,0,0,0,0,1,0,1413,1
4,0,0,1,31.37150466,0.028757907,4,2,0,10129.96,0,0.039748545,0,0,0,0,0,0,0.005743129,0,0.011437908,0,25.55,0,0,0,0.011437908,2233.8,1
0,0,0,0,-37.2744139,0.032347407,1,0,0,13870.83,0,0.043979285,0,0,0,-1,0,0,-0.002323461,-0.918006279,0,0,0,1,0,0,0,4442.53,0
0,0,0,0,-14.44367657,0.031092162,1,0,0,13011.06,0,0.021925232,0,0,1,0,0,0,0.006380425,-0.939834919,0.665625,0,0,0,0,0,0.665625,2000,0
0,0,0,0,11.37194535,0.052648959,1,0,0,1000,0,0.013648559,0,0,0,0,0,0,0.011284319,0,0.0992,0,0,0,0,0,-1,200,0
0,0,0,0,-29.91218441,-0.00556273,0,0,0,0,0,0.015987324,0,0,0,-1,0,0,0.025807036,-0.969496858,0.000480106,0,0,5,0,0,0.000480106,222534.36,0
0,0,0,0,11.37194535,0.052648959,0,0,0,0,0,0.013648559,0,0,0,0,0,0,0.011284319,-0.058328056,0,0,0,0,0,0,0,70,0
0,0,0,0,-19.46368057,0.029967807,0,0,0,0,0,0.022947805,0,0,0,0,0,0,0.001527226,-0.154262517,0.138258357,0,0,1,0,0,0.138258357,3028.75,0
0,0,0,0,-43.45401267,0.03031115,3,0,1,7488.97,0,0.035449103,0,0,0,0,0,0,0.005852153,-0.222879782,0,0,0,0,607.25,0,0,565.04,0
0,0,0,0,-7.342083675,0.041708281,1,0,0,55418.89,0,0.027324439,0,0,0,-2,0,3,-0.00230588,0,0.150920541,694.18,0,2,22604.28,0,0.150920541,160209.7,0
0,0,0,0,50.22133687,0.030216111,0,0,0,0,0,0.01429334,0,0,0,0,0,0,0.006125023,0,1,0,1500.05,0,0,1,1,1500.05,0
0,0,0,0,-7.342083675,0.041708281,1,0,0,2401.75,0,0.027324439,0,0,0,0,0,0,-0.00230588,0,0,0,0,0,0,0,0,261.06,1
0,0,0,0,-29.91218441,-0.00556273,1,0,0,5100,0,0.015987324,0,0,0,0,0,0,0.025807036,0,0.41353833,0,0,0,0,0,0.41353833,3500,0
0,0,0,0,20.92084006,-0.250884639,1,0,0,1430.37,0,0.019000916,0,0,0,0,0,0,-0.111359778,-0.16899124,0,0,0,0,0,0,0,1904.53,0
0,0,0,1,86.32210911,0.064834713,2,0,1,3426.76,0,0.032546067,0,0,0,0,0,1,-0.000277605,-0.419954073,0.9290625,0,350.25,0,1318.1,0,0.9290625,837.33,0
0,0,0,0,39.74186609,-0.00692786,0,0,1,2088.37,0,0.03234882,0,0,0,-1,0,0,-0.00026603,-0.93110896,0.009266206,0,0,2,397.3,0,0.009266206,48225.78,0
21,1,0,1,-7.342083675,0.041708281,2,1,0,1000,0,0.027324439,0,0,0,0,1,0,-0.00230588,-0.15456,0.0992,0,0,0,316.37,0,-1,0,1
-1,1,0,1,-43.45401267,0.03031115,1,1,0,420,0,0.035449103,0,0,0,0,1,0,0.005852153,-0.648626029,0.073922364,0,0,0,0,0,0.073922364,1674.73,1
0,0,0,0,-19.46368057,0.029967807,0,0,0,1423.48,0,0.022947805,0,0,1,0,0,0,0.001527226,-0.527850072,0.333958354,0,1198.96,0,0,0,0.333958354,6138.46,0
0,0,0,0,-19.46368057,0.029967807,1,0,0,8000,0,0.022947805,0,0,0,0,0,0,0.001527226,-0.7689675,0.0992,0,0,0,0,0,-1,0,0
-14,0,0,0,-43.45401267,0.03031115,1,2,0,1663.5,1,0.035449103,1,0,1,0,0,0,0.005852153,-0.542554654,0.0992,0,0,0,0,0,-1,0,1
0,0,0,0,-19.46368057,0.029967807,0,0,0,18192.2,0,0.022947805,0,0,0,-1,0,0,0.001527226,-0.939306406,0.2760375,0,0,0,0,0,0.2760375,12235.69,0
0,0,0,0,-21.47628591,0.440349966,0,0,0,224.6,0,0.019732322,0,0,0,0,0,0,0.00666489,0,0.427627588,0,0,1,0,0,0.427627588,3956.48,0
0,0,0,0,-19.46368057,0.029967807,1,0,0,3000,0,0.022947805,0,0,0,0,0,0,0.001527226,0,0.0992,0,0,0,153.79,0,-1,0,0
0,0,0,0,11.37194535,0.052648959,1,0,0,1285.06,0,0.013648559,0,0,0,0,0,0,0.011284319,0,0,0,0,0,0,0,0,2269.05,0
0,0,0,1,-43.45401267,0.03031115,2,0,0,32705,0,0.035449103,0,0,0,0,0,0,0.005852153,0,0.571457143,0,2000.1,2,0,0,0.571457143,3500,0
-130,0,0,0,-18.48879973,-0.006782332,2,3,1,63196.07,0,0.033416187,0,0,1,-2,0,0,0.000136723,-0.014668937,0.0992,0,0,0,18942.85,0,-1,18041.46,0
0,0,0,0,20.92084006,-0.250884639,1,0,1,5014.73,0,0.019000916,0,0,0,-3,0,4,-0.111359778,-0.20063652,0.384677865,6664.61,3820.49,4,15299.52,0,0.384677865,110210.09,0
0,0,0,0,-30.41264267,0.063226165,1,0,0,793.21,0,0.018195539,0,0,1,0,0,0,-1.44E-05,-0.635510058,0.0992,0,0,0,0,1,-1,1878.5,1
0,0,0,0,-18.48879973,-0.006782332,1,0,0,1837.86,0,0.033416187,0,0,0,0,0,0,0.000136723,0,0.0992,0,0,0,1837.86,0,-1,1324.05,0
0,0,0,0,86.32210911,0.064834713,0,0,0,0,0,0.032546067,0,0,0,0,0,0,-0.000277605,-0.058328056,0,0,0,1,0,0,0,18000,0
0,0,0,0,-37.2744139,0.032347407,1,0,0,2249.87,0,0.043979285,0,0,0,0,0,0,-0.002323461,0,0,0,0,0,0,0,0,125,0
-2,1,0,1,-18.48879973,-0.006782332,1,1,0,1000,0,0.033416187,0,0,0,0,1,0,0.000136723,0,0.0992,0,0,0,172.2,0,-1,0,0
0,0,0,0,-43.45401267,0.03031115,1,0,0,516.01,0,0.035449103,0,0,0,0,0,0,0.005852153,0,0,0,0,0,0,0,0,709.14,1
0,0,0,0,-7.342083675,0.041708281,0,0,0,0,0,0.027324439,0,0,0,0,0,2,-0.00230588,-0.521336048,0.67910332,3946.11,0,1,3946.11,0,0.67910332,11924.58,0
0,0,0,0,20.92084006,-0.250884639,2,1,0,26250,0,0.019000916,0,0,0,-1,0,0,-0.111359778,-0.01405526,0,0,0,0,0,0,0,2886.37,0
0,0,0,0,-29.91218441,-0.00556273,0,0,0,0,0,0.015987324,0,0,1,-5,0,0,0.025807036,-0.82122726,0.596561538,0,0,1,0,0,0.596561538,14909.14,0
0,0,0,1,-19.46368057,0.029967807,2,0,1,14676.5,0,0.022947805,0,0,0,-1,0,2,0.001527226,0,0.48575722,1536.35,4544.88,2,4840.73,0,0.48575722,33300.01,1
-1,0,0,1,20.92084006,-0.250884639,1,1,1,15000,0,0.019000916,0,0,0,0,0,0,-0.111359778,-0.087049333,0,0,0,0,3829.08,0,0,600,0
0,0,0,0,20.92084006,-0.250884639,1,0,1,22814.2,0,0.019000916,0,0,0,0,0,0,-0.111359778,-0.098810119,0.0992,0,0,0,16804.36,0,-1,0,1
0,0,0,0,86.32210911,0.064834713,1,0,1,5000,0,0.032546067,0,0,0,0,0,0,-0.000277605,-0.549044862,0.119937391,0,0,1,0,0,0.119937391,8700,0
0,0,0,0,11.37194535,0.052648959,0,0,1,0,0,0.013648559,0,0,0,-2,0,1,0.011284319,-0.932815342,0.017079677,0,0,1,194.64,0,0.017079677,14600,0
0,0,0,0,39.74186609,-0.00692786,2,0,1,3176.91,0,0.03234882,0,0,0,0,0,0,-0.00026603,0,0.0992,0,0,0,211.38,0,-1,0,0
-2,1,0,1,-30.41264267,0.063226165,1,0,1,5959.5,0,0.018195539,0,0,0,-2,1,1,-1.44E-05,-0.762313336,0.193745,52.32,100,1,52.32,0,0.193745,24622,0
0,0,0,0,-14.44367657,0.031092162,0,1,1,0,0,0.021925232,0,0,0,-1,0,2,0.006380425,-0.67009789,0.018771102,121,0,2,284.94,0,0.018771102,64963.37,0
0,0,0,0,50.22133687,0.030216111,0,0,1,0,0,0.01429334,0,0,0,0,0,1,0.006125023,0,0.22226439,91.9,0,1,787.37,0,0.22226439,21896.85,0
-2,0,0,0,-37.2744139,0.032347407,1,2,0,1526.87,0,0.043979285,0,0,1,0,0,0,-0.002323461,0,0.0992,0,0,0,0,0,-1,0,1
0,0,0,0,86.32210911,0.064834713,2,0,1,35949.22,0,0.032546067,0,0,0,0,0,1,-0.000277605,-0.593798567,0.263232388,491.49,10386.66,1,6376.15,0,0.263232388,50099.99,0
-5,1,0,1,-19.46368057,0.029967807,2,4,1,2580.02,0,0.022947805,0,0,0,0,1,0,0.001527226,0,0,0,0,0,0,0,0,4988.24,0
-77,0,0,0,20.92084006,-0.250884639,0,1,0,8267.78,0,0.019000916,0,0,1,-2,0,0,-0.111359778,-0.999906258,0,0,0,1,0,0,0,5009.22,1
0,0,0,0,11.37194535,0.052648959,0,0,1,3722.5,0,0.013648559,0,0,0,-1,0,3,0.011284319,-0.601559521,0.171577714,10354.01,0,3,15311.46,0,0.171577714,108647.56,0
0,0,0,0,-37.2744139,0.032347407,1,0,0,3000,0,0.043979285,0,0,0,0,0,0,-0.002323461,0,0.0992,0,0,0,0,0,-1,0,0
0,0,0,0,31.37150466,0.028757907,1,0,0,200,0,0.039748545,0,0,1,0,0,0,0.005743129,-0.332153471,0.0992,0,0,0,200,0,-1,0,0
-976,0,0,0,50.22133687,0.030216111,0,1,0,0,0,0.01429334,0,0,1,-3,0,0,0.006125023,0,0.0992,0,0,0,0,0,-1,0,0
0,0,0,0,-7.342083675,0.041708281,2,0,0,7150.42,0,0.027324439,0,0,0,0,0,0,-0.00230588,-0.049388986,0,0,0,0,0,0,0,1981.43,1
0,0,0,0,-19.46368057,0.029967807,0,0,0,0,0,0.022947805,0,0,0,0,0,1,0.001527226,0,0.2776,138.8,0,1,138.8,0,0.2776,500,0
0,0,0,0,-7.342083675,0.041708281,0,0,0,0,0,0.027324439,0,0,1,0,0,1,-0.00230588,0,0.065092157,0,0,1,331.97,0,0.065092157,5100,0
14,0,0,0,-43.45401267,0.03031115,1,1,0,2500,1,0.035449103,1,0,1,0,1,0,0.005852153,-0.62896126,0.975388889,0,100,0,180,0,0.975388889,900,1
0,0,0,0,39.74186609,-0.00692786,0,0,1,0,0,0.03234882,0,0,1,0,0,0,-0.00026603,-0.668644253,0.07349328,0,0,1,0,0,0.07349328,7440,0
0,0,0,0,-21.47628591,0.440349966,1,0,0,2669.07,0,0.019732322,0,0,0,0,0,0,0.00666489,0,0.0992,0,0,0,0,0,-1,0,0
0,0,0,0,20.92084006,-0.250884639,1,0,1,1000,0,0.019000916,0,0,0,0,0,1,-0.111359778,-0.427287966,0.109260714,109.81,0,0,169.28,0,0.109260714,2800,0
0,0,0,0,86.32210911,0.064834713,1,0,1,39421.51,0,0.032546067,0,0,0,0,0,0,-0.000277605,0,0.059388482,0,0,1,173467.7,0,0.059388482,61470,0
0,0,0,0,39.74186609,-0.00692786,2,0,1,3282.78,0,0.03234882,0,0,0,0,0,0,-0.00026603,0,0,0,0,0,1139.82,0,0,1991.05,1
0,0,0,0,-37.2744139,0.032347407,1,0,1,3500.18,0,0.043979285,0,0,0,0,0,1,-0.002323461,-0.022742765,0.436489773,344.2,0,1,664.14,0,0.436489773,8800,0
0,0,0,0,39.74186609,-0.00692786,0,0,0,0,0,0.03234882,0,0,0,0,0,1,-0.00026603,0,0.1196,59.8,0,1,59.8,0,0.1196,500,0
0,0,0,0,-29.91218441,-0.00556273,1,0,1,100917.88,0,0.015987324,0,0,0,0,0,0,0.025807036,-0.339309701,0,0,0,1,67777.76,0,0,15970.1,0
-2,1,0,1,-21.47628591,0.440349966,0,1,1,30762.54,0,0.019732322,0,0,0,-2,1,3,0.00666489,-0.191866109,0.109067591,4012.83,0,3,245915.45,0,0.109067591,232962.13,0
0,0,0,0,-43.45401267,0.03031115,1,0,1,2013.49,0,0.035449103,0,0,0,-1,0,0,0.005852153,0,0.0992,0,0,0,0.6,0,-1,2000,0
0,0,0,0,86.32210911,0.064834713,0,0,1,0,0,0.032546067,0,0,0,0,0,0,-0.000277605,0,0.36645,0,0,1,0,0,0.36645,17000,0
0,0,0,0,-19.46368057,0.029967807,0,0,0,0,0,0.022947805,0,0,0,0,0,1,0.001527226,0,1,2000.1,2000.1,0,2000.1,0,1,2000.1,1
0,0,0,0,-37.2744139,0.032347407,1,0,1,6000.3,0,0.043979285,0,0,0,0,0,1,-0.002323461,0,0.711649783,0,471.95,1,393.32,3,0.711649783,900,0
0,0,0,0,-29.91218441,-0.00556273,0,0,0,4400,0,0.015987324,0,0,0,-1,0,0,0.025807036,-1,0,0,0,0,0,0,0,1800,0
0,0,0,0,-7.342083675,0.041708281,1,0,0,5100,0,0.027324439,0,0,0,0,0,0,-0.00230588,-0.177819608,0.004163043,0,0,0,1325.64,0,0.004163043,9200,0
0,0,0,0,-19.46368057,0.029967807,2,0,0,9013.29,0,0.022947805,0,0,0,-1,0,0,0.001527226,-0.242957156,0,0,0,0,0,0,0,2583.22,0
6,1,0,1,31.37150466,0.028757907,2,3,1,30000,0,0.039748545,0,0,0,0,1,0,0.005743129,-0.016792182,0.044463343,0,719.2,1,27750.67,0,0.044463343,17050,1
0,0,0,0,50.22133687,0.030216111,1,0,0,640,0,0.01429334,0,0,1,0,0,0,0.006125023,-0.852555286,0.0992,0,0,0,640,0,-1,809.38,0
0,0,0,0,-30.41264267,0.063226165,1,0,0,2529.89,0,0.018195539,0,0,1,0,0,0,-1.44E-05,-0.483963829,0.0992,0,0,0,0,0,-1,0,0
-3,1,0,1,86.32210911,0.064834713,1,0,1,3920.4,0,0.032546067,0,0,0,0,1,1,-0.000277605,0,0.841703316,811.36,0,0,1568.95,0,0.841703316,5730,0
0,0,0,0,-14.44367657,0.031092162,2,0,1,8456.88,0,0.021925232,0,0,0,0,0,0,0.006380425,0,0.0992,0,0,0,327.01,0,-1,5100,0
0,0,0,0,-14.44367657,0.031092162,3,0,1,7795.56,0,0.021925232,0,0,0,0,0,0,0.006380425,0,0.069382353,0,0,0,3513.76,0,0.069382353,5100,0
0,0,0,0,-37.2744139,0.032347407,0,2,1,2529.23,0,0.043979285,0,0,0,-1,0,0,-0.002323461,-0.421292388,0.2439072,0,1127.01,2,169.7,1,0.2439072,7700,0
-1,0,0,0,-37.2744139,0.032347407,1,1,0,2000,0,0.043979285,0,0,0,0,0,0,-0.002323461,-0.019775,0.0992,0,0,0,0,0,-1,0,0
0,0,0,1,-18.48879973,-0.006782332,0,0,0,0,0,0.033416187,0,0,0,0,0,0,0.000136723,-0.953521372,0.011454085,0,0,3,0,0,0.011454085,41596.94,0
0,0,0,0,31.37150466,0.028757907,1,0,0,1913.9,0,0.039748545,0,0,1,0,0,0,0.005743129,0,0,0,0,0,0,0,0,112.1,0
0,0,0,0,-19.46368057,0.029967807,0,0,0,771.43,0,0.022947805,0,0,0,0,0,0,0.001527226,0,0.146431111,0,0,1,0,0,0.146431111,9000,0
0,0,0,0,39.74186609,-0.00692786,1,0,0,2025.14,0,0.03234882,0,0,0,0,0,0,-0.00026603,-0.503110896,0.0992,0,0,0,295.11,0,-1,0,0
0,0,0,0,-21.47628591,0.440349966,1,0,0,3647.61,0,0.019732322,0,0,0,0,0,0,0.00666489,0,0.0992,0,0,0,0,0,-1,0,0
18,0,0,0,-43.45401267,0.03031115,1,1,1,2500.13,1,0.035449103,1,0,1,0,1,1,0.005852153,-0.075744445,0.543364103,408.62,891.09,1,1444.45,0,0.543364103,3900,1
0,0,0,0,31.37150466,0.028757907,1,0,0,5500,0,0.039748545,0,0,1,0,0,0,0.005743129,0,0,0,0,0,0,0,0,10000,0
0,0,0,0,86.32210911,0.064834713,2,0,1,37267.48,0,0.032546067,0,0,0,0,0,1,-0.000277605,0,0.899376623,6376.93,6925.2,1,10932.49,0,0.899376623,7700,0
0,0,0,0,-37.2744139,0.032347407,0,0,1,5.5,0,0.043979285,0,0,0,0,0,2,-0.002323461,-0.756715471,0.021891273,0,0,2,911.24,0,0.021891273,55000,0
0,0,0,0,39.74186609,-0.00692786,2,0,0,10794.8,0,0.03234882,0,0,0,-1,0,0,-0.00026603,-0.426817982,0.0992,0,0,0,0,0,-1,0,0
0,0,0,0,-14.44367657,0.031092162,1,0,0,5072.13,0,0.021925232,0,0,0,0,0,0,0.006380425,-0.011271399,0,0,0,0,702.53,0,0,33.2,0
0,0,1,0,86.32210911,0.064834713,2,0,1,47800,0,0.032546067,0,0,1,-1,0,2,-0.000277605,-0.319898167,0.33368227,483.18,2820.81,3,45192.08,0,0.33368227,37616.07,0
0,0,0,0,-19.46368057,0.029967807,0,0,0,0,0,0.022947805,0,0,0,0,0,0,0.001527226,0,0.516544444,0,0,1,0,0,0.516544444,900,0
0,0,0,0,-19.46368057,0.029967807,0,0,0,0,0,0.022947805,0,0,0,0,0,1,0.001527226,0,0.078733333,94.48,0,1,94.48,0,0.078733333,1200,0
0,0,0,0,-30.41264267,0.063226165,2,0,0,5116.41,0,0.018195539,0,0,1,0,0,0,-1.44E-05,-0.189128705,0,0,0,0,0,0,0,724.03,0
0,0,0,0,-18.48879973,-0.006782332,0,0,0,0,0,0.033416187,0,0,0,0,0,0,0.000136723,-0.058328056,0,0,0,1,0,0,0,5000,0
0,0,0,0,-7.342083675,0.041708281,1,0,0,9200,0,0.027324439,0,0,0,0,0,0,-0.00230588,0,0.0992,0,0,0,0,0,-1,6600,0
0,1,0,0,-30.41264267,0.063226165,1,0,1,2534.01,0,0.018195539,0,0,1,-1,0,1,-1.44E-05,-0.137691825,0.934825397,858.9,0,0,1513.05,1,0.934825397,2390,0
0,0,0,0,-43.45401267,0.03031115,1,0,1,20298.59,0,0.035449103,0,0,0,0,0,0,0.005852153,-0.742636101,0.005744295,0,0,1,7341.21,0,0.005744295,36719.91,0
-18,0,0,0,-14.44367657,0.031092162,1,2,0,1509,1,0.021925232,1,0,1,0,0,0,0.006380425,-0.104722013,0,0,0,0,0,0,0,163.5,1
0,0,0,1,-19.46368057,0.029967807,1,0,0,8000,0,0.022947805,0,0,0,-2,0,0,0.001527226,0,0.0992,0,0,0,0,0,-1,2000,0
0,0,0,0,-30.41264267,0.063226165,1,0,1,38806.92,0,0.018195539,0,0,0,0,0,2,-1.44E-05,-0.791187747,0.032862923,1671.31,0,2,19150.7,0,0.032862923,191714.88,0
-2,1,0,1,50.22133687,0.030216111,1,1,1,2669.68,0,0.01429334,0,0,0,0,1,1,0.006125023,0,0.508893058,0,0,1,105.78,0,0.508893058,2957.78,1
-44,0,1,0,-7.342083675,0.041708281,2,2,0,77253.9,0,0.027324439,0,1,1,-2,0,0,-0.00230588,-0.53493193,0.0992,0,0,0,20873.87,0,-1,6406.1,0
0,0,0,0,-21.47628591,0.440349966,1,0,0,158.12,0,0.019732322,0,0,0,0,0,0,0.00666489,0,0.0992,0,0,0,158.12,0,-1,0,0
0,0,0,0,-18.48879973,-0.006782332,1,0,0,1645.42,0,0.033416187,0,0,0,0,0,0,0.000136723,0,0,0,0,0,1645.42,0,0,3225,0
0,0,0,0,-14.44367657,0.031092162,1,0,0,2881.48,0,0.021925232,0,0,0,-1,0,0,0.006380425,-0.361453646,0,0,0,0,0,1,0,2491.64,0
0,0,0,0,-18.48879973,-0.006782332,1,0,0,10000,0,0.033416187,0,0,0,-1,0,0,0.000136723,-0.255601783,0.0992,0,0,0,0,0,-1,0,0
0,0,0,0,-18.48879973,-0.006782332,0,0,0,0,0,0.033416187,0,0,1,-2,0,0,0.000136723,0,0.517377143,0,0,1,0,0,0.517377143,1750,1
0,0,0,1,39.74186609,-0.00692786,0,1,1,4000.2,0,0.03234882,0,0,0,0,0,3,-0.00026603,0,0.673754812,1727.02,24597.05,3,14642.19,0,0.673754812,45916.57,0
0,0,0,1,39.74186609,-0.00692786,2,0,0,3530.38,0,0.03234882,0,0,0,0,0,0,-0.00026603,0,0.0992,0,0,0,0,0,-1,0,0
0,0,0,0,-18.48879973,-0.006782332,2,0,0,1456.19,0,0.033416187,0,0,0,0,0,0,0.000136723,0,0.0992,0,0,0,1000,0,-1,0,1
0,0,0,0,11.37194535,0.052648959,1,0,0,6000,0,0.013648559,0,0,0,0,0,1,0.011284319,-0.131407964,0,0,0,1,0,1,0,6150,0
0,0,0,0,-29.91218441,-0.00556273,1,0,0,2453.47,0,0.015987324,0,0,0,0,0,0,0.025807036,0,0,0,0,0,0,1,0,157.04,1
0,0,0,0,11.37194535,0.052648959,1,1,1,13300.2,0,0.013648559,0,0,0,-2,0,3,0.011284319,-0.684877967,0.275214381,2168.59,996.95,2,2168.59,0,0.275214381,18991.51,0
0,0,0,0,31.37150466,0.028757907,1,1,0,2038.2,0,0.039748545,0,0,0,0,0,0,0.005743129,0,0,0,0,0,0,0,0,879.5,0
0,0,0,1,11.37194535,0.052648959,0,0,1,0,0,0.013648559,0,0,0,0,0,1,0.011284319,-0.041188941,0.225971336,0,5125.54,1,2167.7,0,0.225971336,23695.97,0
0,0,0,0,-29.91218441,-0.00556273,0,0,1,36.52,0,0.015987324,0,0,1,0,0,1,0.025807036,-0.868836948,0.0841,0,0,1,31.01,0,0.0841,3000,0
0,0,0,1,-21.47628591,0.440349966,0,0,1,0,0,0.019732322,0,0,0,0,0,0,0.00666489,0,0.508590323,0,0,1,0,0,0.508590323,3100,0
0,0,0,0,-21.47628591,0.440349966,2,0,0,1696.63,0,0.019732322,0,0,0,0,0,0,0.00666489,0,0,0,0,1,0,0,0,4800,1
0,0,0,0,-7.342083675,0.041708281,1,0,0,2893.08,0,0.027324439,0,0,1,0,0,0,-0.00230588,-0.119123389,0.0992,0,0,0,0,1,-1,3896.1,1
0,0,0,0,-7.342083675,0.041708281,0,0,0,0,0,0.027324439,0,0,0,-3,0,0,-0.00230588,-1,0,0,0,1,0,0,0,45877.49,0
0,0,0,0,31.37150466,0.028757907,0,0,1,13138.42,0,0.039748545,0,0,0,0,0,1,0.005743129,-0.841339765,0.072156674,76.32,0,7,271.91,0,0.072156674,94612.87,0
0,0,0,0,11.37194535,0.052648959,1,0,0,4622.07,0,0.013648559,0,0,1,0,0,0,0.011284319,-0.018142767,0.716532553,0,940.32,0,0,1,0.716532553,1312.32,0
0,0,0,0,-43.45401267,0.03031115,0,0,0,0,0,0.035449103,0,0,0,0,0,1,0.005852153,0,0.291558438,497.25,0,1,497.25,0,0.291558438,1705.49,0
0,0,0,0,-29.91218441,-0.00556273,1,0,0,2153.79,0,0.015987324,0,0,0,0,0,0,0.025807036,0,0.0992,0,0,0,0,0,-1,0,0
0,0,0,0,86.32210911,0.064834713,1,0,0,690,0,0.032546067,0,0,0,0,0,0,-0.000277605,-0.028985507,0.0992,0,0,0,660,0,-1,0,0
0,0,0,0,-37.2744139,0.032347407,4,0,1,24759.81,0,0.043979285,0,0,0,0,0,0,-0.002323461,-0.357312801,0.223884512,0,0,0,2663.82,0,0.223884512,10420,0
0,0,0,0,31.37150466,0.028757907,2,0,1,32144.94,0,0.039748545,0,0,0,0,0,0,0.005743129,-0.24226616,0.0992,0,0,0,1190.78,1,-1,0,0
0,0,0,0,20.92084006,-0.250884639,2,0,0,1580.69,0,0.019000916,0,0,0,0,0,0,-0.111359778,0,0.0992,0,0,0,1390.69,0,-1,0,0
0,0,0,0,11.37194535,0.052648959,1,0,1,10800,0,0.013648559,0,0,0,0,0,2,0.011284319,0,0.493356761,1987.74,6947.34,1,3282.71,0,0.493356761,32116.11,0
0,0,0,1,11.37194535,0.052648959,1,0,0,5541.04,0,0.013648559,0,0,0,0,0,0,0.011284319,-0.947032327,0.0992,0,0,0,141.67,0,-1,0,0
0,0,0,0,11.37194535,0.052648959,0,0,0,50000,0,0.013648559,0,0,0,0,0,0,0.011284319,-0.030046744,0.402166667,0,0,0,0,1,0.402166667,6000,0
0,0,0,0,20.92084006,-0.250884639,3,0,1,6270.86,0,0.019000916,0,0,0,0,0,0,-0.111359778,-0.077600202,0,0,0,0,3215.68,0,0,153,1
0,0,0,0,-14.44367657,0.031092162,1,0,1,64000,0,0.021925232,0,0,0,-2,0,0,0.006380425,0,0.008326667,0,0,2,32675.02,0,0.008326667,17100,0
0,0,0,0,-30.41264267,0.063226165,0,0,0,2882.78,0,0.018195539,0,0,0,-1,0,0,-1.44E-05,-1,0,0,0,0,0,0,0,1000,0
0,0,0,0,-19.46368057,0.029967807,2,0,1,7165,0,0.022947805,0,0,0,0,0,0,0.001527226,-0.069612952,0.835,0,280,0,0,0,0.835,800,1
0,0,0,0,-30.41264267,0.063226165,1,0,0,900,0,0.018195539,0,0,0,0,0,0,-1.44E-05,0,0.0992,0,0,0,900,0,-1,0,0
0,0,0,0,-37.2744139,0.032347407,0,0,1,3006.4,0,0.043979285,0,0,0,0,0,0,-0.002323461,-0.087833451,0.533207084,0,0,1,0,0,0.533207084,24348.57,0
0,0,0,0,-43.45401267,0.03031115,1,0,1,6108.69,0,0.035449103,0,0,0,0,0,0,0.005852153,-0.406498508,0,0,0,0,1754.5,0,0,3000,0
0,0,0,0,-14.44367657,0.031092162,1,0,0,3000,0,0.021925232,0,0,0,-1,0,0,0.006380425,0,0.113125,0,0,1,0,0,0.113125,5350,0
0,0,0,0,11.37194535,0.052648959,0,0,0,0,0,0.013648559,0,0,0,0,0,0,0.011284319,-0.058328056,0,0,0,0,0,0,0,3067.54,1
0,0,0,0,-29.91218441,-0.00556273,0,0,0,1850.69,0,0.015987324,1,0,1,-1,0,0,0.025807036,-1,0,0,0,0,0,0,0,11300,0
-2,1,0,1,-43.45401267,0.03031115,0,1,0,0,0,0.035449103,0,0,0,0,1,0,0.005852153,-0.523105216,0,0,0,1,0,1,0,22500,0
0,0,0,0,11.37194535,0.052648959,0,0,0,0,0,0.013648559,0,0,0,0,0,1,0.011284319,-0.693785251,0.083182143,170.96,0,1,170.96,0,0.083182143,2800,0
0,0,0,1,86.32210911,0.064834713,2,0,1,37724.89,0,0.032546067,0,0,0,0,0,0,-0.000277605,0,0.004735,0,0,1,18.94,0,0.004735,4000,1
0,0,0,0,-19.46368057,0.029967807,3,0,1,6649.08,0,0.022947805,0,0,0,0,0,0,0.001527226,0,0,0,0,0,0,0,0,2185.45,0
0,0,0,0,31.37150466,0.028757907,1,0,1,35815.17,0,0.039748545,0,0,1,-1,0,1,0.005743129,-0.464631254,0.578887398,8262.26,0,0,32132.27,0,0.578887398,16929.32,1
0,0,0,0,-18.48879973,-0.006782332,1,0,0,2448.41,0,0.033416187,0,0,0,0,0,0,0.000136723,0,0.0992,0,0,0,0,0,-1,0,0
0,0,0,0,31.37150466,0.028757907,1,0,0,29400,0,0.039748545,0,0,0,0,0,0,0.005743129,0,0.0992,0,0,0,29400,0,-1,0,0
0,0,0,0,20.92084006,-0.250884639,1,0,0,10615,0,0.019000916,0,0,0,0,0,0,-0.111359778,-0.301069959,0,0,0,1,0,0,0,4514.8,0
0,0,0,0,-7.342083675,0.041708281,1,0,0,4398.53,0,0.027324439,0,0,1,0,0,0,-0.00230588,0,0,0,0,0,0,0,0,15.5,1
0,0,0,0,86.32210911,0.064834713,1,0,0,5000,0,0.032546067,0,0,0,0,0,0,-0.000277605,-0.107784876,0.0992,0,0,0,0,0,-1,0,0
0,0,0,0,39.74186609,-0.00692786,1,0,0,737.99,0,0.03234882,0,0,1,-1,0,0,-0.00026603,-0.722260484,0.0992,0,0,0,0,0,-1,0,0
0,0,0,0,-29.91218441,-0.00556273,2,0,0,4779.12,0,0.015987324,0,0,0,0,0,0,0.025807036,0,0.0992,0,0,0,0,0,-1,0,0
0,1,0,1,-30.41264267,0.063226165,1,0,1,17303.46,0,0.018195539,0,0,1,-2,0,1,-1.44E-05,-0.824847348,0.527343639,0,0,1,3874.46,0,0.527343639,32967.38,0
0,0,0,0,-18.48879973,-0.006782332,0,0,1,0,0,0.033416187,0,0,0,0,0,0,0.000136723,0,0.113824299,0,72.31,1,0,0,0.113824299,10700,0
0,0,0,0,-14.44367657,0.031092162,0,0,1,6000,0,0.021925232,0,0,0,0,0,1,0.006380425,0,0.558785374,586.38,0,3,3017.55,0,0.558785374,68974.64,0
0,0,0,0,31.37150466,0.028757907,0,0,0,0,0,0.039748545,0,0,0,0,0,0,0.005743129,0,0.96215,0,0,0,0,2,0.96215,1000,1
0,0,0,0,-7.342083675,0.041708281,1,0,0,3313.81,0,0.027324439,0,0,0,0,0,0,-0.00230588,-0.3510159,0,0,0,0,517.84,0,0,1262.5,0
27,0,0,0,-30.41264267,0.063226165,1,1,0,771.96,0,0.018195539,0,0,0,0,0,0,-1.44E-05,-0.399686206,0.0992,0,0,0,0,1,-1,0,1
0,0,0,0,-29.91218441,-0.00556273,0,0,0,0,0,0.015987324,0,0,1,0,0,1,0.025807036,-0.95169096,0.084183333,0,0,1,101.02,0,0.084183333,1200,1
0,1,0,1,39.74186609,-0.00692786,1,0,1,15457.35,0,0.03234882,0,0,0,-2,0,1,-0.00026603,0,0.278815741,310.36,0,3,16608.64,0,0.278815741,30604.8,0
0,0,0,0,-7.342083675,0.041708281,0,0,0,423.14,0,0.027324439,0,0,1,0,0,0,-0.00230588,-0.602790272,0.5099875,0,0,0,0,0,0.5099875,800,0
0,0,0,0,50.22133687,0.030216111,1,0,1,63700,0,0.01429334,0,0,0,0,0,0,0.006125023,-0.108844162,0.006621918,0,0,1,0,0,0.006621918,94632.7,0
0,0,0,0,39.74186609,-0.00692786,2,0,0,1987.33,0,0.03234882,0,0,0,0,0,0,-0.00026603,0,0,0,0,0,0,0,0,1324.05,0
0,0,0,0,50.22133687,0.030216111,3,0,0,3327.69,0,0.01429334,0,0,0,0,0,0,0.006125023,0,0,0,0,0,0,1,0,5.3,1
0,0,0,0,39.74186609,-0.00692786,1,0,0,4725,0,0.03234882,0,0,0,0,0,0,-0.00026603,0,0.0992,0,0,0,4725,0,-1,0,0
0,0,0,1,39.74186609,-0.00692786,2,0,1,130234.29,0,0.03234882,0,0,0,0,0,0,-0.00026603,-0.092077381,0.019948476,0,0,2,0.05,0,0.019948476,88100,0
0,0,0,0,-21.47628591,0.440349966,0,0,1,22000,0,0.019732322,0,0,0,0,0,1,0.00666489,0,0.672999807,180.79,2906.86,2,180.79,0,0.672999807,39301.2,0
0,0,0,0,86.32210911,0.064834713,2,0,1,89751.79,0,0.032546067,0,0,0,-1,0,1,-0.000277605,-0.128963795,0.334630435,0,0,0,35090.73,0,0.334630435,48795.08,0
0,0,0,0,-14.44367657,0.031092162,1,1,0,5360.57,0,0.021925232,0,0,0,0,0,0,0.006380425,0,0.999816819,0,0,0,0,0,0.999816819,4275.49,1
-2,1,0,1,11.37194535,0.052648959,1,1,0,2999.37,0,0.013648559,0,0,0,-2,1,0,0.011284319,-0.74094273,0.0992,0,0,0,0,1,-1,1357.04,0
0,0,0,0,-14.44367657,0.031092162,1,0,0,1000,0,0.021925232,0,0,0,0,0,0,0.006380425,-0.49688,0.0992,0,0,0,181.47,0,-1,0,0
0,0,0,0,-18.48879973,-0.006782332,0,0,0,41769.99,0,0.033416187,0,0,1,-1,0,0,0.000136723,-0.896077002,0.094984326,0,0,4,0,0,0.094984326,66542.23,0
5,0,0,0,50.22133687,0.030216111,1,1,0,2144.27,0,0.01429334,0,0,0,0,0,0,0.006125023,0,0.0992,0,0,0,0,1,-1,0,1
0,0,0,0,11.37194535,0.052648959,0,0,1,18599.7,0,0.013648559,0,0,0,0,0,2,0.011284319,-0.137737157,0.415571776,14223.35,10625.74,1,85358.03,0,0.415571776,98912.42,1
0,0,0,0,-30.41264267,0.063226165,0,0,1,0,0,0.018195539,0,0,0,0,0,0,-1.44E-05,0,0.140752878,0,517.51,0,0,0,0.140752878,24167.25,0
0,1,1,0,-29.91218441,-0.00556273,1,0,1,40927.46,0,0.015987324,0,0,1,-1,0,0,0.025807036,-0.338320666,0.101971429,0,0,0,92213.75,0,0.101971429,4500,1
0,1,0,1,86.32210911,0.064834713,0,0,0,0,0,0.032546067,0,0,0,0,1,0,-0.000277605,-0.286148394,0.217147059,0,0,0,0,1,0.217147059,1700,0
0,0,0,0,-21.47628591,0.440349966,1,0,0,2791.43,0,0.019732322,0,0,1,0,0,0,0.00666489,-0.058871489,0.0992,0,0,0,0,0,-1,0,1
0,0,0,0,50.22133687,0.030216111,2,0,1,12260.26,0,0.01429334,0,0,0,0,0,0,0.006125023,-0.667427934,0.0992,0,0,0,4077.42,0,-1,0,0
0,0,0,0,31.37150466,0.028757907,0,0,0,0,0,0.039748545,0,0,0,0,0,0,0.005743129,-0.426337354,0.055494644,0,0,1,0,0,0.055494644,38600,0
-1,0,0,0,11.37194535,0.052648959,3,2,1,26969.87,0,0.013648559,0,0,0,0,0,1,0.011284319,-0.027153387,0.02297802,0.23,112.11,2,19744.75,0,0.02297802,12363.31,1
0,0,0,0,-29.91218441,-0.00556273,1,0,0,6721.11,1,0.015987324,1,0,1,0,0,0,0.025807036,-0.273905644,0.001,0,0,0,189.21,0,0.001,1100,1
0,0,0,0,-7.342083675,0.041708281,0,0,0,0,0,0.027324439,0,0,0,0,0,1,-0.00230588,0,0.8972,620.96,0,1,620.96,0,0.8972,2400,0
-1,1,0,1,-19.46368057,0.029967807,1,0,0,3352.06,0,0.022947805,0,0,0,-1,1,0,0.001527226,-0.758844371,0,0,0,0,0,0,0,2114.5,0
0,0,0,0,31.37150466,0.028757907,1,0,0,3161.4,0,0.039748545,0,0,0,0,0,0,0.005743129,-0.517204611,0.0992,0,0,0,0,1,-1,0,0
0,1,0,0,-18.48879973,-0.006782332,0,0,1,775.2,0,0.033416187,0,0,1,0,0,0,0.000136723,-0.947035041,0.138185185,0,0,0,173.22,0,0.138185185,4920.64,1
0,0,0,0,31.37150466,0.028757907,1,0,0,1500,0,0.039748545,0,0,0,0,0,0,0.005743129,0,0,0,0,1,0,0,0,1600,0
0,1,0,1,-7.342083675,0.041708281,0,0,0,0,0,0.027324439,0,0,1,-1,1,1,-0.00230588,-0.916295305,0.91005,0,101.55,1,405.63,0,0.91005,6400,1
20,1,0,1,20.92084006,-0.250884639,1,3,1,19897.76,0,0.019000916,0,0,0,0,1,3,-0.111359778,-0.113348017,0.271106278,21387.06,16808.49,5,72654.39,0,0.271106278,81900,0
-2,0,0,0,-18.48879973,-0.006782332,0,3,0,1514,0,0.033416187,0,0,0,0,0,0,0.000136723,-0.889834875,0.2084875,0,0,0,0,0,0.2084875,828.23,1
13,1,1,0,-19.46368057,0.029967807,3,1,0,29365.79,0,0.022947805,0,0,1,0,1,0,0.001527226,-0.008270662,0.0992,0,0,0,0,0,-1,0,0
2,0,0,0,-7.342083675,0.041708281,1,2,0,8258.91,0,0.027324439,0,0,0,0,0,1,-0.00230588,-0.526727781,0.134292023,0,0,2,6700.2,0,0.134292023,23696.94,0
0,0,0,0,-30.41264267,0.063226165,1,0,0,19800,0,0.018195539,0,0,0,0,0,0,-1.44E-05,0,0.020265,0,0,1,0,0,0.020265,6800,0
0,0,0,0,-7.342083675,0.041708281,0,0,0,0,0,0.027324439,0,0,0,0,0,1,-0.00230588,0,0.118746875,99.07,0,1,99.07,0,0.118746875,3200,1
-2,1,0,1,-29.91218441,-0.00556273,1,1,0,1500,0,0.015987324,0,0,0,0,1,0,0.025807036,0,0.0992,0,0,0,0,1,-1,0,0
0,0,0,0,-43.45401267,0.03031115,1,0,0,535.87,0,0.035449103,0,0,0,0,0,0,0.005852153,0,0,0,0,0,0,0,0,1000,1
0,0,0,1,-21.47628591,0.440349966,1,0,0,28319.5,0,0.019732322,0,0,0,-1,0,0,0.00666489,-0.55208521,0.0992,10027.39,0,0,0,0,-1,6450,0
0,0,0,0,50.22133687,0.030216111,2,0,1,2923.32,0,0.01429334,0,0,0,0,0,0,0.006125023,-0.337397206,0.0992,0,0,0,0,0,-1,0,0
11,1,0,1,86.32210911,0.064834713,1,1,0,1500,0,0.032546067,0,0,0,0,1,0,-0.000277605,0,0.476808163,0,1500,0,1000,0,0.476808163,4900,1
0,0,0,0,-7.342083675,0.041708281,1,0,0,96,0,0.027324439,0,0,0,0,0,0,-0.00230588,-0.212284975,1,0,0,0,0,1,1,538.8,1
0,0,0,1,-37.2744139,0.032347407,1,0,1,20064.65,0,0.043979285,0,0,0,-2,0,1,-0.002323461,-0.775123618,0.351291876,6235.02,18262.37,1,6235.02,0,0.351291876,53267.87,0
0,0,0,0,-37.2744139,0.032347407,1,0,1,18000,0,0.043979285,0,0,0,0,0,0,-0.002323461,-0.140139444,0,0,0,0,8637.94,0,0,1,0
0,0,0,0,-18.48879973,-0.006782332,0,0,0,0,0,0.033416187,0,0,0,0,0,0,0.000136723,-0.154856,0,0,0,0,0,1,0,4236.96,0
0,0,0,0,-7.342083675,0.041708281,0,0,0,0,0,0.027324439,0,0,1,0,0,0,-0.00230588,-0.64705905,0.315768966,0,0,0,0,0,0.315768966,2900,0
-114,0,0,0,86.32210911,0.064834713,1,1,0,25000,0,0.032546067,0,0,1,-3,0,0,-0.000277605,-0.148693602,0,0,0,1,0,0,0,17300,0
-14,0,1,0,-37.2744139,0.032347407,0,3,1,0,1,0.043979285,1,0,1,0,0,4,-0.002323461,-0.913431127,0.087059729,3626.87,0,2,3626.87,0,0.087059729,183569.56,0
0,0,0,0,-7.342083675,0.041708281,0,0,0,0,0,0.027324439,0,0,1,-1,0,0,-0.00230588,-0.802002797,0.141843639,0,0,1,6985.05,0,0.141843639,53897.87,0
0,0,0,0,-7.342083675,0.041708281,1,1,0,1750.82,0,0.027324439,0,0,0,0,0,0,-0.00230588,0,0,0,0,0,0,0,0,1011.5,0
0,0,0,0,-37.2744139,0.032347407,0,0,1,0,0,0.043979285,0,0,0,0,0,0,-0.002323461,-0.959828331,0.003083645,0,0,1,0,0,0.003083645,21400,0
-8,0,1,0,-43.45401267,0.03031115,1,0,1,1570.89,0,0.035449103,0,1,1,0,0,4,0.005852153,-0.255449609,0.473099128,4884.99,3990.88,1,6455.88,1,0.473099128,22388.63,1
-5,0,1,0,86.32210911,0.064834713,1,0,1,7500,1,0.032546067,0,0,1,-2,0,0,-0.000277605,-0.310185641,0.443661239,0,1500,1,395.04,0,0.443661239,15613.16,0
0,0,0,0,-37.2744139,0.032347407,2,0,1,12558.6,0,0.043979285,0,0,0,0,0,0,-0.002323461,-0.132940774,0,0,0,0,0,1,0,3000,0
-18,0,0,0,11.37194535,0.052648959,0,0,0,0,1,0.013648559,1,0,1,0,0,0,0.011284319,-1,0,0,0,0,0,0,0,6995,0
0,0,0,0,-29.91218441,-0.00556273,1,0,0,314.85,0,0.015987324,0,0,0,0,0,0,0.025807036,0,0.034497536,0,0,1,0,0,0.034497536,1008.6,0
0,0,0,0,39.74186609,-0.00692786,1,0,0,4500,0,0.03234882,0,0,0,0,0,0,-0.00026603,0,0,0,0,1,0,0,0,2000,0
0,0,0,0,-18.48879973,-0.006782332,1,0,0,140,0,0.033416187,0,0,0,0,0,0,0.000136723,0,0.0992,0,0,0,140,0,-1,0,0
0,0,0,0,86.32210911,0.064834713,1,0,0,2000,0,0.032546067,0,0,0,0,0,0,-0.000277605,0,0.0992,0,0,0,40.33,0,-1,0,1
0,0,0,0,-21.47628591,0.440349966,2,0,1,3757.76,0,0.019732322,0,0,1,0,0,2,0.00666489,-0.559985276,0.990989542,1251.86,0,0,1251.86,0,0.990989542,1855.56,0
0,0,0,0,50.22133687,0.030216111,1,0,0,2166.47,0,0.01429334,0,0,0,0,0,0,0.006125023,0,0,0,0,0,2166.47,0,0,71.5,0
23,1,0,1,-37.2744139,0.032347407,1,1,1,8890.12,0,0.043979285,0,0,0,0,1,1,-0.002323461,-0.250540732,0.173034313,140.38,1008,2,7867.82,0,0.173034313,19429.21,0
0,0,0,0,86.32210911,0.064834713,1,0,0,66765.37,0,0.032546067,0,0,0,0,0,0,-0.000277605,-0.14808665,0,0,0,1,0,0,0,14186.75,0
0,0,0,0,31.37150466,0.028757907,1,0,0,687.19,0,0.039748545,0,0,0,0,0,0,0.005743129,0,0,0,0,0,0,0,0,639.63,0
0,0,0,0,39.74186609,-0.00692786,2,0,1,44974.1,0,0.03234882,0,0,0,-2,0,0,-0.00026603,-0.195412088,0.644122383,0,600,0,26201.86,0,0.644122383,35436.39,0
0,0,0,0,39.74186609,-0.00692786,1,0,1,2800.14,0,0.03234882,0,0,0,0,0,1,-0.00026603,0,0.543584416,346.37,2659.85,0,714.89,0,0.543584416,7700,1
0,0,0,0,-43.45401267,0.03031115,2,0,0,1292.41,0,0.035449103,0,0,0,0,0,0,0.005852153,0,0.0992,0,0,0,0,0,-1,290,0
0,0,0,0,-18.48879973,-0.006782332,0,0,1,0,0,0.033416187,0,0,0,-1,0,2,0.000136723,-0.06029202,0.777166618,7183.4,23389.2,1,9210.48,0,0.777166618,37093.41,0
0,0,0,0,-29.91218441,-0.00556273,0,0,1,0,0,0.015987324,0,0,0,0,0,1,0.025807036,-0.825081647,0.086907962,5609.8,0,2,5609.8,0,0.086907962,153052.72,0
0,1,0,0,-29.91218441,-0.00556273,1,0,0,3279.34,0,0.015987324,0,0,1,-2,0,0,0.025807036,-0.82698935,0.0992,0,0,0,0,0,-1,128.48,0
0,0,0,1,20.92084006,-0.250884639,0,1,1,550,0,0.019000916,0,0,1,-1,0,0,-0.111359778,-0.639507292,0.903833333,0,0,0,0,1,0.903833333,1521.43,0
0,0,0,0,-19.46368057,0.029967807,1,0,0,541.81,0,0.022947805,0,0,0,0,0,0,0.001527226,0,0.0992,0,0,0,541.81,0,-1,0,1
0,0,0,0,-29.91218441,-0.00556273,1,0,0,3265.16,0,0.015987324,0,0,0,0,0,0,0.025807036,0,0.0992,0,0,0,0,1,-1,0,0
0,0,0,0,-30.41264267,0.063226165,1,0,0,720,0,0.018195539,0,0,0,0,0,0,-1.44E-05,0,0.0992,0,0,0,720,0,-1,0,1
0,0,0,0,86.32210911,0.064834713,0,0,0,6664.84,0,0.032546067,0,0,0,-1,0,0,-0.000277605,-1,0,0,0,2,0,0,0,39630.7,0
0,0,0,0,-7.342083675,0.041708281,1,0,0,7000,0,0.027324439,0,0,1,0,0,1,-0.00230588,0,0.308738889,0,0,0,790.77,0,0.308738889,1800,0
0,0,0,0,-37.2744139,0.032347407,0,0,1,0,0,0.043979285,0,0,0,0,0,0,-0.002323461,0,0.165183486,0,0,1,0,0,0.165183486,10900,0
0,0,0,0,-37.2744139,0.032347407,0,0,0,0,0,0.043979285,0,0,0,0,0,0,-0.002323461,-1,0,0,0,1,0,0,0,672.75,0
0,0,0,0,11.37194535,0.052648959,0,0,0,941.8,0,0.013648559,0,0,0,0,0,0,0.011284319,-0.968093013,0.010909223,0,0,0,0,0,0.010909223,2754.55,0
0,0,0,0,-43.45401267,0.03031115,1,0,0,1593.56,0,0.035449103,0,0,0,0,0,0,0.005852153,0,0.0992,0,0,0,0,1,-1,0,1
0,0,0,1,-7.342083675,0.041708281,0,0,0,16900,0,0.027324439,0,0,0,-1,0,2,-0.00230588,-0.521493636,0.299895813,2755.81,0,5,8238.82,0,0.299895813,51163.03,0
0,0,0,0,39.74186609,-0.00692786,0,0,0,0,0,0.03234882,0,0,0,0,0,1,-0.00026603,0,0.388177778,0,0,1,349.36,0,0.388177778,1200,1
0,0,0,0,39.74186609,-0.00692786,1,0,0,1053.8,0,0.03234882,0,0,1,-1,0,0,-0.00026603,-0.851669179,0.0992,0,0,0,0,0,-1,0,0
-1,1,0,0,-21.47628591,0.440349966,0,0,1,0,0,0.019732322,0,0,1,0,1,1,0.00666489,-0.82362285,0.013868883,89.33,0,2,89.33,0,0.013868883,153158.69,0
0,0,0,0,-19.46368057,0.029967807,0,0,1,0,0,0.022947805,0,0,0,0,0,1,0.001527226,-0.79487806,0.068681818,128.28,0,1,128.28,0,0.068681818,4400,0
0,0,0,0,11.37194535,0.052648959,1,0,1,12050.55,0,0.013648559,0,0,1,0,0,1,0.011284319,-0.433849923,0.933904314,41.21,22450.84,1,41.21,0,0.933904314,24852,0
0,0,0,0,-14.44367657,0.031092162,0,0,0,0,0,0.021925232,0,0,0,-1,0,0,0.006380425,-0.544746578,0.156218654,0,0,1,0,0,0.156218654,23600,0
0,0,0,0,20.92084006,-0.250884639,2,0,1,3300,0,0.019000916,0,0,0,0,0,0,-0.111359778,-0.003215152,0.2142,0,0,0,1912.17,0,0.2142,8800,1
0,0,0,0,-29.91218441,-0.00556273,1,0,0,4023.79,0,0.015987324,0,0,0,0,0,0,0.025807036,0,0.0992,0,0,0,0,0,-1,0,0
0,1,0,1,86.32210911,0.064834713,1,0,0,110297.04,0,0.032546067,0,0,0,-2,0,0,-0.000277605,-0.299645039,0.0992,0,0,0,0,1,-1,7450,0
-35,0,1,0,-7.342083675,0.041708281,1,4,0,3035.14,0,0.027324439,0,1,1,0,0,0,-0.00230588,-0.66861862,0.999447471,0,904.43,0,904.43,0,0.999447471,1903.08,1
0,0,0,0,-30.41264267,0.063226165,1,0,1,5000,0,0.018195539,0,0,0,0,0,0,-1.44E-05,0,0.175239332,0,0,0,0,0,0.175239332,16170,0
0,0,0,0,20.92084006,-0.250884639,2,0,1,6592.25,0,0.019000916,0,0,0,0,0,0,-0.111359778,-0.39594979,0,0,0,0,191.37,0,0,3000,0
0,0,0,0,-30.41264267,0.063226165,0,0,1,10569.89,0,0.018195539,0,0,0,0,0,0,-1.44E-05,-0.999997218,4.35E-06,0,0,2,0.05,0,4.35E-06,17381.12,0
0,0,0,0,31.37150466,0.028757907,0,0,0,0,0,0.039748545,0,0,0,0,0,0,0.005743129,0,0.31834,0,0,0,0,1,0.31834,2000,0
0,0,0,0,-29.91218441,-0.00556273,0,0,1,6436.99,0,0.015987324,0,0,0,0,0,0,0.025807036,-0.365415754,0.236451665,0,0,0,1402.49,0,0.236451665,18812.09,0
0,0,0,0,11.37194535,0.052648959,1,0,0,20000,0,0.013648559,0,0,0,0,0,0,0.011284319,0,0.0992,0,0,0,1015.89,0,-1,0,0
-4,1,0,1,-18.48879973,-0.006782332,1,1,1,1236.68,0,0.033416187,0,0,0,0,1,0,0.000136723,-0.322302845,0.646703412,0,3965.44,0,291.11,0,0.646703412,9119.05,1
0,0,0,0,-7.342083675,0.041708281,1,0,1,11247.08,0,0.027324439,0,0,0,0,0,1,-0.00230588,-0.141510468,0.80126357,6942.03,0,1,18749.22,0,0.80126357,22685,0
0,0,0,0,-7.342083675,0.041708281,0,0,0,0,0,0.027324439,0,0,0,-2,0,0,-0.00230588,-1,0,0,0,1,0,0,0,29350,0
0,0,0,0,-14.44367657,0.031092162,1,0,0,1200,0,0.021925232,0,0,0,0,0,0,0.006380425,-0.371321653,0.213644,0,0,0,0,1,0.213644,2500,0
0,0,0,0,20.92084006,-0.250884639,0,0,1,0,0,0.019000916,0,0,0,-1,0,1,-0.111359778,-0.577089602,0.083129787,99.19,0,1,194.84,0,0.083129787,14100,0
0,0,0,0,50.22133687,0.030216111,1,0,1,35000,0,0.01429334,0,0,0,-1,0,0,0.006125023,-0.325942571,0.008093641,0,0,2,1644.65,0,0.008093641,25931.47,0
0,1,1,0,-43.45401267,0.03031115,0,0,1,0,0,0.035449103,0,0,1,-1,0,1,0.005852153,-0.546321673,0.547817003,1057.48,2717.18,1,1057.48,0,0.547817003,9998.51,1
0,0,0,0,-7.342083675,0.041708281,0,0,0,0,0,0.027324439,0,0,0,0,0,1,-0.00230588,-0.394235794,0.104948649,298.95,107.19,1,298.95,0,0.104948649,7400,0
0,0,0,0,20.92084006,-0.250884639,0,0,0,0,0,0.019000916,0,0,0,0,0,0,-0.111359778,-0.993485433,0.000810863,0,0,2,0,0,0.000810863,15650,1
-4,0,0,0,11.37194535,0.052648959,1,3,0,5612.18,1,0.013648559,1,0,1,0,0,0,0.011284319,-0.682781072,0.845909956,0,667,1,0,1,0.845909956,2703.78,0
0,1,0,1,-18.48879973,-0.006782332,2,0,1,9946.47,0,0.033416187,0,0,0,-1,0,0,0.000136723,-0.629974708,0.0992,0,0,0,3803.86,0,-1,0,0
0,0,0,0,50.22133687,0.030216111,1,0,1,900,0,0.01429334,0,0,0,0,0,3,0.006125023,0,0.678572252,158.02,22692.29,4,2714.68,0,0.678572252,75452.76,1
0,0,0,0,39.74186609,-0.00692786,1,0,0,13374.94,0,0.03234882,0,0,0,0,0,0,-0.00026603,-0.007421973,0,0,0,1,0,1,0,14696.44,0
3,0,0,0,11.37194535,0.052648959,3,4,1,5429.95,0,0.013648559,0,0,0,0,0,0,0.011284319,-0.024973772,0.98022,0,0,0,430.4,0,0.98022,1000,1
0,0,0,0,-14.44367657,0.031092162,2,0,0,17048.65,0,0.021925232,0,0,0,-1,0,0,0.006380425,0,0.0992,0,0,0,0,0,-1,5272.95,0
0,0,0,0,86.32210911,0.064834713,1,0,1,25871.72,0,0.032546067,0,0,0,-1,0,0,-0.000277605,-0.964466737,0,0,0,1,1030.67,0,0,14000,0
0,0,0,0,-43.45401267,0.03031115,1,0,1,3000,0,0.035449103,0,0,0,-2,0,0,0.005852153,-0.620138702,0,0,0,2,298.94,0,0,16805.57,0
0,0,0,0,50.22133687,0.030216111,1,0,1,4000,0,0.01429334,0,0,0,0,0,3,0.006125023,0,0.344285526,1404.79,568.33,1,1938.61,0,0.344285526,10451.01,0
0,0,0,0,-18.48879973,-0.006782332,1,0,0,1145.83,0,0.033416187,0,0,0,0,0,0,0.000136723,0,0,0,0,0,0,0,0,2071.5,1
0,0,0,0,-43.45401267,0.03031115,0,0,0,0,0,0.035449103,0,0,0,0,0,0,0.005852153,0,0.161077753,0,0,1,0,0,0.161077753,5895.6,0
0,0,0,0,20.92084006,-0.250884639,1,0,1,690,0,0.019000916,0,0,0,0,0,0,-0.111359778,-0.406235975,0.206406667,0,0,0,5.01,0,0.206406667,1500,0
0,0,0,0,-18.48879973,-0.006782332,0,0,0,0,0,0.033416187,0,0,0,0,0,0,0.000136723,-1,0,0,0,0,0,0,0,6500,0
0,0,0,0,31.37150466,0.028757907,0,0,1,0,0,0.039748545,0,0,0,0,0,0,0.005743129,-0.394184805,0.259178431,0,187.81,2,27.67,0,0.259178431,11200,1
0,0,0,0,-37.2744139,0.032347407,0,0,0,0,0,0.043979285,0,0,0,0,0,0,-0.002323461,0,0.392702285,0,0,3,0,0,0.392702285,15530.34,0
0,0,0,0,-30.41264267,0.063226165,3,0,1,20326.64,0,0.018195539,0,0,0,-1,0,0,-1.44E-05,-0.417744362,0.42709407,0,355.66,0,16533.18,0,0.42709407,11312.66,0
0,0,0,0,86.32210911,0.064834713,1,0,0,1200,0,0.032546067,0,0,0,0,0,0,-0.000277605,0,0.0992,0,0,0,1200,0,-1,0,1
-1,1,0,1,39.74186609,-0.00692786,2,0,1,9944.51,0,0.03234882,0,0,0,0,1,0,-0.00026603,-0.482160888,0,0,0,0,5026.3,0,0,4100,0
0,0,0,1,-18.48879973,-0.006782332,1,0,1,102142.67,0,0.033416187,0,0,0,0,0,1,0.000136723,-0.277369861,0.954102926,428.89,168827.43,3,955232.2,0,0.954102926,254599.57,0
0,0,0,0,-37.2744139,0.032347407,1,0,0,1842.11,0,0.043979285,0,0,0,0,0,0,-0.002323461,-0.078945,0.0992,0,0,0,0,0,-1,0,0
0,0,0,0,-37.2744139,0.032347407,0,0,0,0,0,0.043979285,0,0,0,0,0,1,-0.002323461,0,0.071428571,100,0,1,100,0,0.071428571,1400,0
0,0,1,0,-7.342083675,0.041708281,1,0,0,1015.44,0,0.027324439,0,0,1,-1,0,0,-0.00230588,-0.196187702,0.0992,0,0,0,0,0,-1,684.29,0
0,0,0,0,86.32210911,0.064834713,1,0,0,5000,0,0.032546067,0,0,1,0,0,0,-0.000277605,0,0.893826667,0,0,0,0,0,0.893826667,1500,0
0,0,0,0,50.22133687,0.030216111,0,0,1,0,0,0.01429334,0,0,0,0,0,0,0.006125023,0,0.8561,0,1000,0,0,0,0.8561,7300,1
-20,1,0,1,-14.44367657,0.031092162,1,4,1,2433.35,0,0.021925232,0,0,0,0,1,0,0.006380425,-0.068323441,0.0992,0,0,0,924.24,1,-1,2745.52,1
0,0,0,0,-37.2744139,0.032347407,1,0,0,1050.7,0,0.043979285,0,0,0,0,0,0,-0.002323461,0,0.0992,0,0,0,104.5,0,-1,1993.58,0
0,0,0,0,-21.47628591,0.440349966,1,0,0,2999.15,0,0.019732322,0,0,0,0,0,0,0.00666489,0,0.0992,0,0,0,0,0,-1,0,0
0,0,0,1,20.92084006,-0.250884639,1,0,1,56387.76,0,0.019000916,0,0,0,0,0,1,-0.111359778,-0.696236647,0.63445527,859.72,0,2,2026.05,0,0.63445527,133699,0
0,0,0,0,86.32210911,0.064834713,2,0,1,50000,0,0.032546067,0,0,0,-1,0,0,-0.000277605,-0.0726334,0,0,0,0,431.14,0,0,6400,0
0,0,0,0,11.37194535,0.052648959,1,0,0,15059,0,0.013648559,0,0,0,0,0,0,0.011284319,-0.485017697,0,0,0,1,0,0,0,119887.14,0
0,0,0,0,11.37194535,0.052648959,0,0,1,0,0,0.013648559,0,0,0,0,0,2,0.011284319,-0.183384423,0.338443407,1048.19,0,3,75081.53,0,0.338443407,21433.48,0
0,0,0,0,-37.2744139,0.032347407,1,0,0,1009.45,0,0.043979285,0,0,0,0,0,0,-0.002323461,0,0.0992,0,0,0,0,0,-1,1800,0
0,0,0,0,-43.45401267,0.03031115,1,0,1,10013.12,0,0.035449103,0,0,0,0,0,1,0.005852153,0,0.047326374,0,0,1,4442.29,0,0.047326374,14370,0
0,0,0,0,-14.44367657,0.031092162,1,0,0,5000,0,0.021925232,0,0,0,0,0,0,0.006380425,0,0,0,0,1,0,0,0,6400,1
0,0,0,0,-7.342083675,0.041708281,1,0,0,22000,0,0.027324439,0,0,0,0,0,2,-0.00230588,-0.460574023,0.334070085,489.97,4573.48,0,7552.32,0,0.334070085,52800,0
0,0,0,0,39.74186609,-0.00692786,1,0,0,7581.99,0,0.03234882,1,0,1,-1,0,0,-0.00026603,-0.365706467,0,0,0,0,319.64,0,0,1040.51,0
0,0,0,0,-30.41264267,0.063226165,0,0,0,0,0,0.018195539,0,0,0,0,0,1,-1.44E-05,-0.291120309,0.101905,289.91,0,1,289.91,0,0.101905,4000,0
0,0,0,0,-21.47628591,0.440349966,2,0,0,98531.51,0,0.019732322,0,0,1,-1,0,0,0.00666489,-0.119889698,0,0,0,0,0,0,0,7800,1
0,0,0,1,39.74186609,-0.00692786,0,0,1,0,0,0.03234882,0,0,0,0,0,1,-0.00026603,-0.003664444,0.231447438,0,8400,1,414.53,0,0.231447438,45556.78,0
0,0,0,0,11.37194535,0.052648959,0,0,0,0,0,0.013648559,0,0,0,0,0,1,0.011284319,0,0.13515,54.06,0,1,54.06,0,0.13515,400,0
0,0,0,0,-37.2744139,0.032347407,1,0,1,51963,0,0.043979285,0,0,0,-1,0,1,-0.002323461,-0.46102849,0.126642659,308.92,0,3,221118.55,0,0.126642659,94625.6,0
0,0,0,0,39.74186609,-0.00692786,0,0,0,0,0,0.03234882,0,0,0,0,0,0,-0.00026603,-0.058328056,0,0,0,1,0,0,0,31900,0
0,0,0,0,39.74186609,-0.00692786,1,0,0,11000,0,0.03234882,0,0,0,0,0,0,-0.00026603,0,0,0,0,0,5338.94,0,0,300,0
0,0,0,0,-37.2744139,0.032347407,1,0,0,1595.82,0,0.043979285,0,0,0,0,0,0,-0.002323461,0,0,0,0,0,0,0,0,315,0
2,0,0,0,39.74186609,-0.00692786,1,1,1,2460.35,0,0.03234882,0,0,0,0,0,0,-0.00026603,-0.394336,0,0,0,0,529.83,0,0,3700,0
0,0,0,0,39.74186609,-0.00692786,1,0,0,2001.1,0,0.03234882,0,0,0,-1,0,0,-0.00026603,-0.222251195,0.0992,0,0,0,0,1,-1,0,1
0,0,0,0,-7.342083675,0.041708281,2,0,0,5289.92,0,0.027324439,0,0,0,0,0,0,-0.00230588,0,0.0992,0,0,0,194.92,0,-1,0,1
0,0,0,0,-18.48879973,-0.006782332,1,0,1,24174.61,0,0.033416187,0,0,0,-3,0,0,0.000136723,-0.649771697,0,0,0,1,15248.45,0,0,29005.02,0
0,0,0,0,-29.91218441,-0.00556273,1,0,0,420,0,0.015987324,0,0,1,0,0,0,0.025807036,-0.006786956,0.0992,0,0,0,0,0,-1,140,1
0,0,0,0,11.37194535,0.052648959,2,0,1,28922.26,0,0.013648559,0,0,0,0,0,0,0.011284319,0,0.114448752,0,0,0,2930.02,0,0.114448752,12457.56,0
0,0,0,0,-21.47628591,0.440349966,1,0,1,79550.16,0,0.019732322,0,0,0,0,0,0,0.00666489,-0.406881101,0.005389463,0,0,2,0,0,0.005389463,49350,0
0,0,0,0,-43.45401267,0.03031115,0,0,0,0,0,0.035449103,0,0,1,0,0,0,0.005852153,-1,0,0,0,0,0,0,0,5985,0
18,1,0,1,39.74186609,-0.00692786,0,1,0,0,0,0.03234882,0,0,0,0,1,0,-0.00026603,-0.348791611,0.669487009,0,0,2,0,1,0.669487009,1501,1
0,0,0,0,-29.91218441,-0.00556273,1,0,1,2000,0,0.015987324,0,0,0,0,0,0,0.025807036,-0.841025,0,0,0,0,317.95,0,0,1000,0
0,0,0,0,-7.342083675,0.041708281,0,0,0,0,0,0.027324439,0,0,0,0,0,1,-0.00230588,0,0.70029,1400.58,0,1,1400.58,0,0.70029,2000,1
0,0,0,0,-29.91218441,-0.00556273,0,0,1,500,0,0.015987324,0,0,0,0,0,0,0.025807036,0,0.417337931,0,0,0,522.66,1,0.417337931,2900,0
0,0,0,0,-14.44367657,0.031092162,2,0,0,49000,0,0.021925232,0,0,0,-2,0,0,0.006380425,0,0.118857298,0,0,1,0,0,0.118857298,21022.1,0
0,0,0,1,-43.45401267,0.03031115,1,0,1,30384.84,0,0.035449103,0,0,0,0,0,0,0.005852153,0,0.090061111,0,0,0,60119.45,0,0.090061111,22694.59,1
0,0,0,0,-7.342083675,0.041708281,0,0,0,0,0,0.027324439,0,0,1,0,0,1,-0.00230588,0,0.330984299,0,0,1,527.81,0,0.330984299,6229.51,0
0,0,0,0,-7.342083675,0.041708281,1,0,0,4008.86,0,0.027324439,0,0,0,0,0,0,-0.00230588,0,0,0,0,1,0,0,0,1791.64,1
-3,1,0,0,-29.91218441,-0.00556273,0,1,0,0,0,0.015987324,1,0,1,0,1,0,0.025807036,-0.036590481,0.0992,0,0,0,0,1,-1,0,1
0,0,0,0,-21.47628591,0.440349966,1,0,0,250,0,0.019732322,0,0,0,0,0,0,0.00666489,-0.133743179,0.0992,0,0,0,0,2,-1,0,1
0,0,0,0,31.37150466,0.028757907,0,0,0,0,0,0.039748545,0,0,0,0,0,0,0.005743129,-1,0,0,0,2,0,0,0,4461,0
0,0,0,0,-30.41264267,0.063226165,1,0,1,6127.31,0,0.018195539,0,0,0,0,0,0,-1.44E-05,-0.005231196,0,0,0,1,103008.85,0,0,1000,0
-1,1,0,1,-37.2744139,0.032347407,0,1,0,0,0,0.043979285,0,0,0,0,1,0,-0.002323461,-0.94373308,0.060350943,0,0,0,0,0,0.060350943,5684.69,0
0,0,0,0,31.37150466,0.028757907,1,0,0,1456.67,0,0.039748545,0,0,0,0,0,0,0.005743129,-0.17023,0.0992,0,0,0,0,1,-1,0,0
0,0,0,0,-30.41264267,0.063226165,0,0,0,0,0,0.018195539,0,0,0,0,0,0,-1.44E-05,0,0.180692308,0,0,1,0,0,0.180692308,30589.9,0
-2,1,0,1,31.37150466,0.028757907,0,0,1,0,0,0.039748545,0,0,0,0,1,1,0.005743129,-0.794900352,0.200326829,0,0,1,370.71,0,0.200326829,4600,0
15,1,0,1,50.22133687,0.030216111,2,2,0,341.63,0,0.01429334,0,0,0,0,1,0,0.006125023,0,0,0,0,0,180,0,0,40.96,1
0,0,0,0,-14.44367657,0.031092162,1,0,0,5000,0,0.021925232,0,0,0,0,0,0,0.006380425,0,0.0992,0,0,0,25.41,0,-1,0,0
0,0,0,0,-7.342083675,0.041708281,1,0,0,2618.53,0,0.027324439,0,0,0,0,0,0,-0.00230588,-0.331524408,0.487217167,0,0,0,0,0,0.487217167,2824.1,1
0,0,0,0,11.37194535,0.052648959,3,1,1,12511.03,0,0.013648559,0,0,0,-2,0,0,0.011284319,0,0.566526405,0,400,0,1474.3,0,0.566526405,3913.2,1
0,0,0,1,86.32210911,0.064834713,0,0,0,500,0,0.032546067,0,0,0,-1,0,0,-0.000277605,-0.994118962,0.01,0,0,0,0,0,0.01,1000,1
1,0,0,0,-18.48879973,-0.006782332,1,0,1,360,0,0.033416187,0,0,0,0,0,1,0.000136723,-0.783940081,0.034746667,0.15,41,1,245.17,0,0.034746667,6000,1
0,0,0,0,11.37194535,0.052648959,1,0,1,18320,0,0.013648559,0,0,0,0,0,1,0.011284319,-0.190868912,0.856700302,1912.65,4007.54,0,17999.91,0,0.856700302,33426.27,1
0,0,0,0,31.37150466,0.028757907,0,0,0,0,0,0.039748545,0,0,0,-1,0,0,0.005743129,-0.7949423,0.367451995,0,1000.05,0,0,0,0.367451995,2721.58,0
0,0,0,0,-37.2744139,0.032347407,0,0,0,0,0,0.043979285,0,0,0,0,0,0,-0.002323461,-0.058328056,0,0,0,1,0,0,0,7250,0
0,0,0,0,-29.91218441,-0.00556273,1,0,0,1395.16,0,0.015987324,0,0,1,0,0,0,0.025807036,-0.721251025,0.0992,0,0,0,259.92,0,-1,825.29,0
0,0,0,0,31.37150466,0.028757907,0,0,0,0,0,0.039748545,0,0,0,0,0,2,0.005743129,0,0.72708221,5741.87,0,1,5741.87,0,0.72708221,7897.14,0
0,0,0,0,86.32210911,0.064834713,2,0,0,8150.76,0,0.032546067,0,0,0,0,0,0,-0.000277605,0,0.0992,0,0,0,0,0,-1,0,0
0,0,0,0,-7.342083675,0.041708281,1,0,0,2835.74,0,0.027324439,0,0,0,0,0,0,-0.00230588,0,0,0,0,0,0,0,0,464.26,1
0,0,0,0,-29.91218441,-0.00556273,2,0,0,1832.41,0,0.015987324,0,0,0,0,0,0,0.025807036,0,0.0992,0,0,0,0,2,-1,1793.2,0
-1,1,0,0,-29.91218441,-0.00556273,1,0,1,5900,0,0.015987324,0,0,1,0,1,1,0.025807036,-0.027309619,0.306733143,178.26,0,2,178.26,0,0.306733143,7350.01,0
0,0,0,0,39.74186609,-0.00692786,3,0,0,6652.84,0,0.03234882,0,0,0,0,0,0,-0.00026603,0,0.149846859,0,97.36,0,2179.33,0,0.149846859,649.73,1
0,0,0,0,11.37194535,0.052648959,2,0,1,2958.93,0,0.013648559,0,0,0,-2,0,0,0.011284319,-0.385591478,0.0992,0,0,0,0,0,-1,0,0
0,0,0,0,86.32210911,0.064834713,1,0,0,1560,0,0.032546067,0,0,0,0,0,0,-0.000277605,0,0.0992,0,0,0,1560,0,-1,0,1
26,1,0,1,-14.44367657,0.031092162,2,1,0,24518.88,0,0.021925232,0,0,0,0,1,0,0.006380425,-0.083801355,0,0,0,0,0,0,0,64.99,1
0,0,0,1,31.37150466,0.028757907,2,0,1,48039.6,0,0.039748545,0,0,0,0,0,2,0.005743129,-0.121003094,0.147597,7832.72,915.89,3,40750.6,0,0.147597,29368.4,0
0,0,0,0,-19.46368057,0.029967807,4,0,1,64679.64,0,0.022947805,0,0,0,0,0,0,0.001527226,-0.046146979,0.0992,0,0,0,35526.05,0,-1,0,0
0,0,0,0,50.22133687,0.030216111,0,0,1,38345.45,0,0.01429334,0,0,0,-1,0,1,0.006125023,-0.92879258,0.105485524,0,0,1,1357.94,0,0.105485524,32192,0
0,0,0,0,-43.45401267,0.03031115,0,0,1,45000,0,0.035449103,0,0,0,0,0,1,0.005852153,-0.83118356,0.111280634,1892.6,9975.92,2,1892.6,0,0.111280634,134455,0
-3,1,0,1,-37.2744139,0.032347407,0,0,1,165.39,0,0.043979285,0,0,0,-1,1,2,-0.002323461,-0.518082381,0.226000647,6909.66,0,3,21295.32,0,0.226000647,106541.27,0
-2,1,0,1,31.37150466,0.028757907,2,1,1,54192.19,0,0.039748545,0,0,0,-1,1,3,0.005743129,0,0.432992108,1168.47,1820.6,2,25150.94,0,0.432992108,4435,0
0,0,0,0,39.74186609,-0.00692786,0,0,0,0,0,0.03234882,0,0,0,0,0,1,-0.00026603,0,0.033338333,1000.15,1000.15,1,1000.15,0,0.033338333,30000,0
-1,1,0,1,39.74186609,-0.00692786,0,0,0,0,0,0.03234882,0,0,0,0,1,0,-0.00026603,-0.340117503,0.103870968,0,0,0,0,2,0.103870968,1550,0
0,0,0,0,-21.47628591,0.440349966,2,0,1,10159.2,0,0.019732322,0,0,1,0,0,0,0.00666489,-0.080818372,0.0992,0,0,0,336.51,1,-1,0,0
0,0,0,0,50.22133687,0.030216111,0,0,0,490,0,0.01429334,0,0,0,0,0,0,0.006125023,-0.29398475,0.057142857,0,400,0,0,0,0.057142857,7000,0
-11,1,0,0,-14.44367657,0.031092162,1,1,0,2316.56,0,0.021925232,0,0,1,-1,1,0,0.006380425,-0.718525325,0,0,0,0,137.13,0,0,1267.5,0
0,1,0,1,-7.342083675,0.041708281,1,1,0,500,0,0.027324439,0,0,1,-1,1,0,-0.00230588,-0.054838364,0.0992,0,0,0,0,2,-1,550,0
0,0,0,0,-29.91218441,-0.00556273,1,0,1,3600.3,0,0.015987324,0,0,1,0,0,0,0.025807036,-0.421021883,0,0,0,0,69133.82,0,0,5500,0
0,0,0,0,-7.342083675,0.041708281,0,0,0,0,0,0.027324439,0,0,0,0,0,1,-0.00230588,0,0.001523846,19.38,0,1,19.38,0,0.001523846,12717.82,0
0,0,0,0,50.22133687,0.030216111,0,0,0,0,0,0.01429334,0,0,1,0,0,0,0.006125023,-0.444333333,0.0992,0,0,0,0,0,-1,0,0
0,0,0,1,-43.45401267,0.03031115,0,0,0,991.23,0,0.035449103,0,0,0,0,0,0,0.005852153,-0.190548751,0.702700892,0,839.32,0,134.33,0,0.702700892,1194.42,0
0,0,0,0,39.74186609,-0.00692786,1,0,1,8920,0,0.03234882,0,0,0,0,0,0,-0.00026603,-0.382628924,0.119333333,0,0,0,5506.95,0,0.119333333,300,0
0,0,0,1,39.74186609,-0.00692786,1,0,0,3855.77,0,0.03234882,0,0,0,-1,0,0,-0.00026603,-0.874137865,0,0,0,1,0,1,0,6100,1
0,0,0,0,86.32210911,0.064834713,1,0,0,500,0,0.032546067,0,0,0,0,0,0,-0.000277605,0,0.0992,0,0,0,0,1,-1,0,0
0,0,0,0,50.22133687,0.030216111,0,0,1,0,0,0.01429334,0,0,0,0,0,0,0.006125023,-0.161950807,0.287185563,0,9000.45,4,0,0,0.287185563,33468.5,0
0,0,0,1,86.32210911,0.064834713,1,0,1,12000,0,0.032546067,0,0,0,0,0,1,-0.000277605,0,0.33336562,141.92,0,2,141.92,0,0.33336562,24578.49,0
0,0,0,0,-29.91218441,-0.00556273,1,0,0,8128.22,0,0.015987324,0,0,0,0,0,0,0.025807036,0,0,0,0,1,0,0,0,1060,0
-561,0,0,0,20.92084006,-0.250884639,1,3,0,1500,0,0.019000916,0,0,1,0,0,0,-0.111359778,-0.975224811,0.0620625,0,0,0,0,0,0.0620625,26947.21,0
1,0,1,0,-43.45401267,0.03031115,0,0,0,0,0,0.035449103,0,0,1,-3,0,0,0.005852153,-0.997089537,0.004950372,0,0,2,0,0,0.004950372,47579.64,0
-2185,0,0,0,11.37194535,0.052648959,1,0,0,1300.05,0,0.013648559,0,0,1,0,0,0,0.011284319,0,0.0992,0,0,0,0,0,-1,0,0
0,0,0,0,-7.342083675,0.041708281,0,0,0,0,0,0.027324439,0,0,0,0,0,0,-0.00230588,-0.058328056,0,0,0,1,0,0,0,3700,0
-6,0,0,0,11.37194535,0.052648959,0,1,1,0,1,0.013648559,1,0,1,0,0,0,0.011284319,-0.528497667,0.944260638,0,1200.05,0,28.53,1,0.944260638,6746.22,0
