n_atr_1d_6,cl_9_1.0,cl_12_1.0,cl_18_2.0,cl_9_3.0,ind_vjrc_36_1,ind_per_x9_1.0,prc_u_tc_cns,tas_u_tc,c_tc_mn_24,c_tc_mn_24_sld,c_pcns,vr_s_t_36,mx_ltc_36,ipc_t6
0,0,0,0,0,0,0,0.0992,-1.0,0,0,1,-0.009528337,81.19,0.027324439
1,0,0,0,0,1,0,0.0992,-1.0,0,0,0,0.0,0.0,0.01429334
0,0,0,0,0,0,0,0.01492419,0.01492419,3,0,0,-0.745649504,92557.11,0.043979285
0,0,0,0,0,1,0,0.0992,-1.0,0,0,1,-0.058871489,0.0,0.019732322
0,0,0,0,0,0,0,0.0,0.0,0,0,1,-0.51951,4031.11,0.022947805
0,0,0,0,0,0,1,0.543584416,0.543584416,0,1,1,0.0,7700.0,0.03234882
0,0,0,0,0,0,1,0.40283876,0.40283876,2,2,2,-0.116583771,20395.96,0.015987324
0,0,0,0,0,0,0,0.0992,-1.0,0,0,1,0.0,0.0,0.032546067
0,0,0,0,0,0,1,0.0,0.0,1,0,1,-0.964466737,14000.0,0.032546067
2,1,1,0,0,0,0,0.0,0.0,0,0,2,0.0,40.96,0.01429334
0,0,0,0,0,0,0,0.101905,0.101905,1,1,0,-0.291120309,4000.0,0.018195539
0,0,0,0,0,0,0,0.0,0.0,0,0,1,0.0,1655.06,0.03234882
0,0,0,0,0,0,0,0.0,0.0,1,0,2,0.0,4800.0,0.019732322
0,0,0,0,0,0,0,0.96215,0.96215,0,0,0,0.0,1000.0,0.039748545
0,0,0,0,0,0,1,0.0992,-1.0,0,0,2,0.0,0.0,0.019732322
0,1,1,0,0,0,0,0.217147059,0.217147059,0,0,0,-0.286148394,1700.0,0.032546067
0,0,0,0,0,0,0,0.242754542,0.242754542,2,1,1,-0.168735898,41620.56,0.027324439
0,0,0,1,0,0,1,0.166501802,0.166501802,1,2,1,-0.644783091,36507.85,0.018195539
0,0,0,0,0,0,0,0.0,0.0,0,0,1,0.0,639.63,0.039748545
0,0,0,0,0,0,0,0.0992,-1.0,0,0,1,-0.503110896,0.0,0.03234882
0,0,0,0,0,0,1,4.35e-06,4.35e-06,2,0,0,-0.999997218,17381.12,0.018195539
0,0,0,0,0,0,0,0.0992,-1.0,0,0,1,0.0,0.0,0.033416187
0,0,0,0,0,0,1,0.0,0.0,1,0,1,-0.649771697,29005.02,0.033416187
0,0,0,0,0,0,0,0.571457143,0.571457143,2,0,2,0.0,3500.0,0.035449103
1,0,0,0,0,1,1,0.903833333,0.903833333,0,0,0,-0.639507292,1521.43,0.019000916
0,0,0,0,0,0,1,0.48575722,0.48575722,2,2,2,0.0,33300.01,0.022947805
0,0,0,0,0,0,0,0.0992,-1.0,0,0,1,0.0,0.0,0.039748545
0,0,0,0,0,0,0,0.0992,-1.0,0,0,1,0.0,0.0,0.039748545
0,0,0,0,0,0,0,0.0992,-1.0,0,0,1,0.0,0.0,0.032546067
0,0,0,0,0,0,1,0.0,0.0,0,0,2,-0.013161254,1200.0,0.035449103
0,0,0,0,0,1,0,0.0992,-1.0,0,0,1,-0.196187702,684.29,0.027324439
0,0,0,0,0,1,0,0.0,0.0,0,0,1,0.0,10000.0,0.039748545
0,0,0,0,0,0,1,0.5068,0.5068,0,0,1,-0.017538723,800.0,0.032546067
1,1,1,0,0,1,0,0.0992,-1.0,0,0,1,0.0,0.0,0.032546067
0,0,0,0,0,0,1,0.225971336,0.225971336,1,1,0,-0.041188941,23695.97,0.013648559
0,0,0,0,0,0,0,0.010909223,0.010909223,0,0,0,-0.968093013,2754.55,0.013648559
0,0,0,0,0,0,1,0.22226439,0.22226439,1,1,0,0.0,21896.85,0.01429334
0,0,0,0,0,0,1,0.119333333,0.119333333,0,0,1,-0.382628924,300.0,0.03234882
0,0,0,0,0,0,1,0.211764744,0.211764744,0,1,1,-0.739896586,6094.31,0.01429334
0,0,1,0,0,1,1,0.547817003,0.547817003,1,1,0,-0.546321673,9998.51,0.035449103
0,0,0,0,0,0,0,0.4327625,0.4327625,0,0,1,-0.264986807,800.0,0.021925232
0,0,0,0,0,0,1,0.008326667,0.008326667,2,0,1,0.0,17100.0,0.021925232
0,0,0,0,0,1,0,0.308738889,0.308738889,0,1,1,0.0,1800.0,0.027324439
0,0,0,1,0,1,0,0.001,0.001,0,0,1,-0.273905644,1100.0,0.015987324
0,0,0,0,0,0,1,0.519527559,0.519527559,0,0,1,0.0,6350.0,0.03234882
0,0,0,0,0,0,1,0.628255,0.628255,1,1,0,-0.534810279,2000.0,0.033416187
2,0,0,0,0,0,1,0.2439072,0.2439072,2,0,0,-0.421292388,7700.0,0.043979285
0,0,0,0,0,0,0,0.0992,-1.0,0,0,1,0.0,0.0,0.032546067
0,0,0,0,0,1,1,0.340018941,0.340018941,0,0,0,-0.092026371,22088.52,0.043979285
0,0,0,0,0,0,1,0.006621918,0.006621918,1,0,1,-0.108844162,94632.7,0.01429334
0,0,0,0,0,0,0,0.0,0.0,0,0,2,-0.23776093,2800.97,0.033416187
0,0,0,0,0,0,0,0.001529245,0.001529245,4,0,0,-0.980868058,32767.8,0.019000916
0,0,0,0,0,1,1,0.334070284,0.334070284,1,0,1,-0.105761162,26388.01,0.043979285
0,0,0,0,0,0,0,0.0684875,0.0684875,0,0,0,-0.989042,800.0,0.013648559
0,0,0,0,0,0,0,0.104948649,0.104948649,1,1,0,-0.394235794,7400.0,0.027324439
0,0,1,0,0,0,0,0.021165748,0.021165748,1,0,0,0.0,37254.53,0.018195539
0,1,1,0,0,0,1,0.0,0.0,0,0,2,-0.482160888,4100.0,0.03234882
0,0,0,0,0,0,0,0.516544444,0.516544444,1,0,0,0.0,900.0,0.022947805
0,0,0,0,0,0,0,0.404670104,0.404670104,0,0,0,-0.292993997,3646.6,0.035449103
0,0,0,0,0,0,1,0.417337931,0.417337931,0,0,0,0.0,2900.0,0.015987324
0,1,1,0,0,0,0,0.0992,-1.0,0,0,1,-0.166666667,0.0,0.032546067
0,0,0,0,0,1,0,0.716532553,0.716532553,0,0,1,-0.018142767,1312.32,0.013648559
0,0,0,0,0,0,0,0.0,0.0,0,0,0,-1.0,1400.0,0.021925232
0,0,0,0,0,0,1,0.003083645,0.003083645,1,0,0,-0.959828331,21400.0,0.043979285
3,0,0,1,0,1,0,0.845909956,0.845909956,1,0,1,-0.682781072,2703.78,0.013648559
0,0,0,0,0,0,0,0.0992,-1.0,0,0,1,0.0,0.0,0.013648559
0,0,0,0,0,0,1,0.140752878,0.140752878,0,0,0,0.0,24167.25,0.018195539
0,0,0,0,0,1,1,0.0841,0.0841,1,1,0,-0.868836948,3000.0,0.015987324
0,0,0,0,0,0,0,0.0,0.0,0,0,3,0.0,5.3,0.01429334
0,0,0,0,0,0,0,0.0992,-1.0,0,0,1,0.0,0.0,0.032546067
0,0,0,0,0,1,1,0.968255769,0.968255769,1,0,3,0.0,5200.0,0.035449103
0,0,0,0,0,0,1,0.034746667,0.034746667,1,1,1,-0.783940081,6000.0,0.033416187
0,0,0,0,0,0,0,0.427627588,0.427627588,1,0,0,0.0,3956.48,0.019732322
0,0,1,0,0,0,1,0.278815741,0.278815741,3,1,1,0.0,30604.8,0.03234882
0,0,0,0,0,0,1,0.111280634,0.111280634,2,1,0,-0.83118356,134455.0,0.035449103
0,0,0,0,0,0,0,0.055494644,0.055494644,1,0,0,-0.426337354,38600.0,0.039748545
0,0,0,0,0,0,1,0.0,0.0,1,0,1,-0.339309701,15970.1,0.015987324
0,0,0,0,0,0,1,0.0992,-1.0,0,0,1,0.0,0.0,0.019732322
4,0,0,0,1,1,0,0.999447471,0.999447471,0,0,1,-0.66861862,1903.08,0.027324439
0,0,0,0,0,0,1,0.263232388,0.263232388,1,1,2,-0.593798567,50099.99,0.032546067
0,0,0,0,0,0,0,0.776981561,0.776981561,0,0,1,0.0,1029.87,0.022947805
0,0,0,0,0,0,1,0.000176736,0.000176736,3,1,1,0.0,80328.33,0.021925232
0,0,0,0,0,1,0,0.0992,-1.0,0,0,1,-0.119123389,3896.1,0.027324439
0,0,0,0,0,0,1,0.06279816,0.06279816,1,2,0,-0.824251613,32950.01,0.022947805
0,0,0,0,0,0,0,0.0992,-1.0,0,0,1,0.0,0.0,0.015987324
0,0,0,0,0,0,0,0.065414286,0.065414286,0,0,0,-0.984142046,2022.66,0.01429334
0,0,1,0,0,0,1,0.930015347,0.930015347,1,0,1,0.0,18000.75,0.018195539
0,0,0,0,0,0,0,0.00811875,0.00811875,0,0,0,-0.6066,1600.0,0.015987324
0,0,0,0,0,0,1,0.210653818,0.210653818,2,2,0,-0.018886141,95659.32,0.039748545
0,0,0,0,0,0,1,0.065110598,0.065110598,1,0,0,-0.102685799,60580.0,0.022947805
0,0,0,0,0,0,0,0.014192308,0.014192308,1,0,1,0.0,2600.0,0.022947805
0,0,0,0,0,0,1,0.017079677,0.017079677,1,1,0,-0.932815342,14600.0,0.013648559
0,0,0,0,0,0,1,0.139495833,0.139495833,1,0,1,-0.283098671,10008.1,0.032546067
0,0,0,0,0,0,0,0.0992,-1.0,0,0,2,0.0,0.0,0.018195539
0,0,0,0,0,0,0,0.078733333,0.078733333,1,1,0,0.0,1200.0,0.022947805
0,0,0,0,0,0,0,0.0992,-1.0,0,0,1,0.0,0.0,0.018195539
1,1,1,0,0,0,0,0.073922364,0.073922364,0,0,1,-0.648626029,1674.73,0.035449103
0,0,0,0,0,0,1,0.0,0.0,0,0,1,-0.140139444,1.0,0.043979285
0,0,0,0,0,0,1,0.423310689,0.423310689,1,0,0,-0.498263746,13161.17,0.022947805
1,1,1,0,0,0,0,0.0992,-1.0,0,0,2,-0.15456,0.0,0.027324439
0,0,0,0,0,0,1,0.021891273,0.021891273,2,2,0,-0.756715471,55000.0,0.043979285
0,0,0,0,0,0,0,0.0992,-1.0,0,0,1,0.0,0.0,0.015987324
0,0,0,0,0,0,1,0.0992,-1.0,0,0,2,-0.455485,0.0,0.019732322
0,0,0,0,0,0,0,0.67910332,0.67910332,1,2,0,-0.521336048,11924.58,0.027324439
0,0,0,0,0,0,1,0.39433,0.39433,2,2,1,-0.489023642,13455.78,0.013648559
1,0,0,0,0,0,0,0.0992,-1.0,0,0,1,-0.399686206,0.0,0.018195539
0,0,0,0,0,0,1,0.438287586,0.438287586,4,2,1,-0.135518966,95796.24,0.021925232
0,1,1,0,0,0,0,0.103870968,0.103870968,0,0,0,-0.340117503,1550.0,0.03234882
0,0,0,0,0,1,1,0.990989542,0.990989542,0,2,2,-0.559985276,1855.56,0.019732322
0,0,0,0,0,0,0,0.074867669,0.074867669,1,0,1,0.0,18332.88,0.022947805
0,0,0,0,0,0,1,0.019948476,0.019948476,2,0,2,-0.092077381,88100.0,0.03234882
2,0,0,0,0,0,0,0.134292023,0.134292023,2,1,1,-0.526727781,23696.94,0.027324439
0,0,0,0,0,1,0,0.065092157,0.065092157,1,1,0,0.0,5100.0,0.027324439
0,0,0,0,0,0,0,0.24136,0.24136,1,1,0,0.0,2000.0,0.039748545
0,1,1,0,0,1,1,0.306733143,0.306733143,2,1,1,-0.027309619,7350.01,0.015987324
2,0,0,1,0,1,0,0.0992,-1.0,0,0,1,-0.542554654,0.0,0.035449103
0,0,0,0,0,0,1,0.204568771,0.204568771,2,4,2,-0.30750368,50404.37,0.019000916
0,1,1,1,0,1,0,0.0992,-1.0,0,0,1,-0.268889818,34.54,0.013648559
3,0,0,0,0,1,0,0.571333333,0.571333333,0,0,0,-0.428494848,1200.0,0.01429334
1,1,1,0,0,0,1,0.432992108,0.432992108,2,3,2,0.0,4435.0,0.039748545
0,0,0,0,0,0,0,0.0,0.0,0,0,0,-1.0,3500.0,0.033416187
0,0,0,0,0,1,1,0.346857812,0.346857812,0,1,0,-0.793621083,6745.3,0.019732322
3,0,0,0,0,1,0,0.0620625,0.0620625,0,0,1,-0.975224811,26947.21,0.019000916
0,0,0,0,0,0,0,0.0,0.0,0,0,1,-0.794952025,1649.43,0.021925232
0,1,1,0,0,0,1,0.631437195,0.631437195,3,6,2,-0.366539727,72898.67,0.019000916
0,0,0,0,0,0,0,0.13515,0.13515,1,1,0,0.0,400.0,0.013648559
1,1,0,1,0,1,0,0.975388889,0.975388889,0,0,1,-0.62896126,900.0,0.035449103
1,1,1,0,0,0,0,0.0,0.0,0,0,1,-0.541984733,204.91,0.01429334
0,0,0,0,0,0,1,0.0992,-1.0,0,0,2,-0.530278073,3805.34,0.021925232
0,0,0,0,0,0,0,0.0992,-1.0,0,0,1,0.0,0.0,0.015987324
0,0,0,0,0,0,1,0.001683538,0.001683538,1,0,1,0.0,34569.91,0.013648559
1,0,0,0,0,0,1,0.613824892,0.613824892,0,0,0,0.0,3605.67,0.01429334
0,0,0,0,0,0,0,0.199875,0.199875,0,0,0,-0.920684524,400.0,0.022947805
0,0,0,0,0,0,0,0.0992,-1.0,0,0,2,0.0,0.0,0.027324439
0,0,0,0,0,0,0,0.0992,-1.0,0,0,1,-0.9994653,0.0,0.019000916
1,1,1,1,0,1,0,0.0992,-1.0,0,0,0,-0.036590481,0.0,0.015987324
0,0,0,0,0,0,0,0.0,0.0,0,0,1,0.0,71.5,0.01429334
0,0,0,0,0,0,1,0.119937391,0.119937391,1,0,1,-0.549044862,8700.0,0.032546067
0,0,0,0,0,0,0,0.0,0.0,0,0,0,-1.0,1800.0,0.015987324
0,0,0,0,0,0,0,0.8972,0.8972,1,1,0,0.0,2400.0,0.027324439
0,0,0,0,0,0,1,0.398664836,0.398664836,4,2,2,-0.019398866,39325.57,0.01429334
0,0,0,0,0,0,1,0.175239332,0.175239332,0,0,1,0.0,16170.0,0.018195539
0,0,0,0,0,0,0,0.564176923,0.564176923,0,0,1,0.0,1300.0,0.013648559
1,0,0,0,0,0,1,0.03763238,0.03763238,3,2,0,-0.790633024,188920.04,0.013648559
0,0,0,0,0,0,0,0.0,0.0,0,0,2,0.0,443.32,0.027324439
0,0,0,0,0,1,1,0.443661239,0.443661239,1,0,1,-0.310185641,15613.16,0.032546067
0,0,0,0,0,0,1,0.206406667,0.206406667,0,0,1,-0.406235975,1500.0,0.019000916
0,0,0,0,0,0,1,0.0992,-1.0,0,0,2,0.0,0.0,0.032546067
1,1,1,0,0,0,0,0.0992,-1.0,0,0,1,0.0,0.0,0.033416187
0,0,0,0,0,0,1,0.8277375,0.8277375,0,0,1,-0.045702392,800.0,0.032546067
0,0,0,0,0,0,1,0.436489773,0.436489773,1,1,1,-0.022742765,8800.0,0.043979285
0,0,0,0,0,0,0,0.0992,-1.0,0,0,2,0.0,0.0,0.019000916
0,0,0,0,0,0,1,0.032285973,0.032285973,1,0,0,0.0,9582.18,0.033416187
0,0,0,0,0,0,1,0.068681818,0.068681818,1,1,0,-0.79487806,4400.0,0.022947805
0,0,0,0,0,0,0,0.0992,-1.0,0,0,1,-0.517204611,0.0,0.039748545
0,0,0,0,0,1,0,0.468146154,0.468146154,1,1,1,0.0,1300.0,0.043979285
0,0,0,0,0,0,0,0.41353833,0.41353833,0,0,1,0.0,3500.0,0.015987324
1,1,1,0,0,1,0,0.0992,-1.0,0,0,2,-0.04104498,0.0,0.01429334
0,0,0,0,0,0,1,0.054228501,0.054228501,2,1,1,0.0,27700.01,0.013648559
0,0,0,0,0,0,0,0.0992,-1.0,0,0,2,-0.55737365,1451.61,0.033416187
0,0,0,0,0,0,0,0.0,0.0,1,0,1,-0.14808665,14186.75,0.032546067
1,1,1,0,0,0,1,0.999380236,0.999380236,0,0,2,0.0,1500.57,0.013648559
0,0,0,0,0,1,0,0.0,0.0,0,0,0,-0.08775357,7700.0,0.039748545
0,0,0,0,0,0,1,0.741371708,0.741371708,0,0,2,0.0,12593.1,0.043979285
0,0,0,0,0,0,1,0.047765964,0.047765964,0,0,1,-0.79661325,27936.21,0.022947805
0,0,0,0,0,0,0,0.0,0.0,1,0,1,0.0,1600.0,0.039748545
3,0,0,1,0,1,1,0.087059729,0.087059729,2,4,0,-0.913431127,183569.56,0.043979285
0,0,0,0,0,0,0,0.0,0.0,1,0,0,-1.0,672.75,0.043979285
0,0,0,0,0,0,1,0.209882459,0.209882459,1,1,0,-0.433065464,36812.68,0.018195539
0,0,0,0,0,0,0,0.0992,-1.0,0,0,1,0.0,1993.58,0.043979285
0,0,0,0,0,0,1,0.101897531,0.101897531,1,1,0,-0.900318837,8100.0,0.035449103
0,0,0,0,0,0,0,0.0,0.0,0,0,0,-1.0,6500.0,0.033416187
0,0,0,0,0,0,1,0.927202611,0.927202611,2,3,1,0.0,15438.99,0.022947805
0,0,0,0,0,0,1,0.047326374,0.047326374,1,1,1,0.0,14370.0,0.035449103
0,0,0,0,0,1,0,0.0992,-1.0,0,0,1,-0.483963829,0.0,0.018195539
0,0,0,0,0,1,1,0.933904314,0.933904314,1,1,1,-0.433849923,24852.0,0.013648559
0,0,0,0,0,0,1,0.344285526,0.344285526,1,3,1,0.0,10451.01,0.01429334
0,0,0,0,0,0,0,0.371083979,0.371083979,0,0,1,-0.407045051,2686.4,0.021925232
0,0,0,0,0,0,0,0.0992,-1.0,0,0,1,-0.503115466,0.0,0.022947805
1,1,1,0,0,0,0,0.0,0.0,1,0,0,-0.523105216,22500.0,0.035449103
0,0,0,0,0,0,0,0.0,0.0,0,0,0,-0.058328056,1413.09,0.043979285
0,0,0,0,0,0,1,0.80126357,0.80126357,1,1,1,-0.141510468,22685.0,0.027324439
0,0,0,0,0,0,0,0.0992,-1.0,0,0,1,-0.17023,0.0,0.039748545
1,1,1,0,0,0,0,0.476808163,0.476808163,0,0,1,0.0,4900.0,0.032546067
1,1,1,0,0,1,0,0.0,0.0,0,0,1,-0.718525325,1267.5,0.021925232
0,0,0,0,0,0,0,0.0,0.0,0,0,2,-0.242957156,2583.22,0.022947805
0,0,0,0,0,0,0,0.610421212,0.610421212,1,1,0,-0.03458803,3300.0,0.027324439
0,0,0,0,0,0,1,0.0,0.0,0,0,1,-0.406498508,3000.0,0.035449103
0,0,0,0,0,1,0,0.0,0.0,0,0,0,-1.0,5985.0,0.035449103
1,1,1,0,0,0,0,0.342883428,0.342883428,1,0,0,-0.679696909,20853.12,0.032546067
1,0,0,0,0,0,0,0.0,0.0,0,0,1,0.0,1011.5,0.027324439
0,0,0,0,0,0,0,0.0,0.0,0,0,0,-1.0,4800.0,0.043979285
0,0,0,0,0,0,0,0.2776,0.2776,1,1,0,0.0,500.0,0.022947805
0,1,1,0,0,1,1,0.013868883,0.013868883,2,1,0,-0.82362285,153158.69,0.019732322
0,0,0,0,0,1,0,0.0,0.0,0,0,2,-0.189128705,724.03,0.018195539
0,0,0,0,0,0,1,0.072156674,0.072156674,7,1,0,-0.841339765,94612.87,0.039748545
0,0,1,0,0,0,1,0.211230461,0.211230461,1,0,0,-0.078757858,18974.11,0.021925232
0,0,0,0,0,0,0,0.0992,-1.0,0,0,2,0.0,1793.2,0.015987324
0,0,0,0,0,0,1,0.083129787,0.083129787,1,1,0,-0.577089602,14100.0,0.019000916
0,0,0,0,0,0,1,0.777166618,0.777166618,1,2,0,-0.06029202,37093.41,0.033416187
0,0,0,0,0,0,1,0.0992,-1.0,0,0,2,0.0,0.0,0.03234882
0,0,0,1,0,1,0,0.0992,-1.0,0,0,1,-0.027708819,1092.34,0.035449103
0,0,0,0,0,0,1,0.009266206,0.009266206,2,0,0,-0.93110896,48225.78,0.03234882
0,0,0,0,0,0,0,0.034497536,0.034497536,1,0,1,0.0,1008.6,0.015987324
0,0,0,0,0,0,0,0.004163043,0.004163043,0,0,1,-0.177819608,9200.0,0.027324439
0,0,0,0,0,0,1,0.848557922,0.848557922,0,2,0,-0.391967345,12450.01,0.022947805
0,0,0,0,0,0,0,0.0,0.0,1,0,0,-0.058328056,3700.0,0.027324439
0,0,0,0,0,0,1,0.0,0.0,0,0,3,-0.222879782,565.04,0.035449103
0,0,0,0,0,0,1,0.005389463,0.005389463,2,0,1,-0.406881101,49350.0,0.019732322
0,0,0,0,1,1,1,0.473099128,0.473099128,1,4,1,-0.255449609,22388.63,0.035449103
1,0,0,0,0,0,1,0.0,0.0,0,0,1,-0.087049333,600.0,0.019000916
0,0,0,0,0,0,0,0.002493333,0.002493333,0,1,0,-0.998523044,12999.82,0.015987324
0,0,0,0,0,0,0,0.0992,-1.0,0,0,1,0.0,0.0,0.01429334
0,0,0,0,0,0,0,0.004983333,0.004983333,0,0,0,-0.951919211,6000.0,0.039748545
0,0,0,0,0,1,1,0.560423975,0.560423975,1,0,2,-0.023403699,21180.5,0.032546067
0,0,0,0,0,0,0,0.0,0.0,0,0,1,0.0,40.36,0.01429334
0,0,0,0,0,0,0,0.0,0.0,1,0,1,0.0,1060.0,0.015987324
2,0,0,0,0,1,0,0.0992,-1.0,0,0,1,0.0,0.0,0.043979285
0,0,0,0,0,0,0,0.0992,-1.0,0,0,1,0.0,0.0,0.021925232
0,0,0,0,0,0,0,0.0992,-1.0,0,0,1,0.0,0.0,0.019732322
0,0,0,0,0,0,1,0.088267524,0.088267524,2,2,2,0.0,52900.09,0.013648559
0,0,0,0,0,1,0,0.990726667,0.990726667,1,1,0,0.0,1500.0,0.019000916
0,0,0,0,0,0,0,0.0992,-1.0,0,0,1,0.0,0.0,0.018195539
0,0,0,0,0,0,0,0.447693084,0.447693084,2,0,1,0.0,19712.9,0.015987324
0,0,0,0,0,1,0,0.0992,-1.0,0,0,1,-0.852555286,809.38,0.01429334
0,0,0,0,0,0,1,0.13571875,0.13571875,1,0,1,0.0,1600.0,0.015987324
3,0,0,0,0,0,0,0.2084875,0.2084875,0,0,0,-0.889834875,828.23,0.033416187
0,0,0,1,0,1,0,0.0,0.0,0,0,0,-1.0,6995.0,0.013648559
0,0,0,1,0,1,0,0.970777118,0.970777118,0,0,1,-0.028064523,3304.26,0.01429334
0,0,0,0,0,1,0,0.0,0.0,0,0,2,-0.119889698,7800.0,0.019732322
0,0,0,0,0,0,0,0.0992,-1.0,0,0,2,0.0,290.0,0.035449103
0,0,0,0,0,0,1,0.384677865,0.384677865,4,4,1,-0.20063652,110210.09,0.019000916
0,0,0,0,0,0,1,0.0992,-1.0,0,0,2,-0.165990814,3494.17,0.032546067
0,0,0,0,0,0,0,0.388177778,0.388177778,1,1,0,0.0,1200.0,0.03234882
0,0,0,0,0,0,0,0.0992,-1.0,0,0,2,0.0,0.0,0.015987324
0,0,0,0,0,0,0,0.057451687,0.057451687,0,0,1,-0.354191015,1526.5,0.03234882
1,0,0,0,0,0,0,0.0,0.0,0,0,1,0.0,879.5,0.039748545
0,0,0,0,0,0,0,0.156218654,0.156218654,1,0,0,-0.544746578,23600.0,0.021925232
0,0,0,0,0,0,0,1.0,1.0,0,0,0,0.0,1500.05,0.01429334
1,0,0,0,0,0,0,0.0992,-1.0,0,0,1,-0.019775,0.0,0.043979285
0,0,0,0,0,1,0,0.084183333,0.084183333,1,1,0,-0.95169096,1200.0,0.015987324
0,0,0,0,0,0,0,0.051670987,0.051670987,2,0,0,-0.463117282,59624.95,0.027324439
0,0,0,0,0,1,0,0.0992,-1.0,0,0,1,-0.851669179,0.0,0.03234882
0,0,0,0,0,0,1,0.113824299,0.113824299,1,0,0,0.0,10700.0,0.033416187
0,0,0,0,0,0,0,0.0992,-1.0,0,0,1,0.0,1800.0,0.043979285
0,0,0,0,0,0,0,0.0992,-1.0,0,0,1,-0.7689675,0.0,0.022947805
0,0,0,0,0,0,1,0.678572252,0.678572252,4,3,1,0.0,75452.76,0.01429334
0,0,0,0,0,1,0,0.0992,-1.0,0,0,0,-0.713457665,1051.85,0.032546067
0,0,1,0,0,1,1,0.934825397,0.934825397,0,1,1,-0.137691825,2390.0,0.018195539
0,0,0,0,0,0,0,0.0,0.0,0,0,1,-0.572649573,30000.0,0.019732322
0,0,0,0,0,0,1,0.629458038,0.629458038,1,1,0,0.0,23129.85,0.013648559
1,0,0,0,0,0,1,0.673754812,0.673754812,3,3,0,0.0,45916.57,0.03234882
0,0,0,0,0,1,1,0.258439196,0.258439196,1,1,0,0.0,13634.0,0.033416187
1,1,1,0,0,0,0,0.0,0.0,0,0,2,-0.083801355,64.99,0.021925232
0,0,0,0,0,0,0,0.0992,-1.0,0,0,0,-0.999479376,2600.0,0.019000916
0,0,0,0,0,0,0,0.0,0.0,1,0,1,0.0,1791.64,0.027324439
0,0,0,0,0,1,0,0.70444,0.70444,0,0,0,-0.076365156,1988.8,0.027324439
2,0,0,0,1,1,0,0.0992,-1.0,0,0,2,-0.53493193,6406.1,0.027324439
0,0,0,0,0,0,0,0.0,0.0,2,0,0,-1.0,23238.93,0.019732322
0,0,0,0,0,0,0,0.0,0.0,1,1,1,-0.131407964,6150.0,0.013648559
0,0,0,0,0,0,1,0.059388482,0.059388482,1,0,1,0.0,61470.0,0.032546067
1,1,1,0,0,0,0,0.669487009,0.669487009,2,0,0,-0.348791611,1501.0,0.03234882
0,0,0,1,0,1,0,0.0,0.0,0,0,1,-0.365706467,1040.51,0.03234882
0,0,0,0,0,0,0,0.0,0.0,0,0,1,0.0,236.12,0.021925232
0,0,0,0,0,0,0,0.1196,0.1196,1,1,0,0.0,500.0,0.03234882
0,0,0,0,0,0,1,0.017335135,0.017335135,4,1,0,-0.961134372,67824.37,0.032546067
0,0,0,0,0,1,0,0.0992,-1.0,0,0,1,0.0,0.0,0.013648559
0,0,0,0,0,0,1,0.13443444,0.13443444,0,0,1,-0.235291538,9050.0,0.015987324
0,0,0,0,0,0,1,0.165183486,0.165183486,1,0,0,0.0,10900.0,0.043979285
0,0,0,0,0,0,0,0.0,0.0,1,0,0,-0.058328056,31900.0,0.03234882
0,0,0,0,0,1,0,0.397744247,0.397744247,0,0,1,0.0,6138.97,0.021925232
0,0,0,0,0,0,0,0.0,0.0,0,0,1,0.0,3225.0,0.033416187
0,0,0,0,0,0,0,0.213644,0.213644,0,0,1,-0.371321653,2500.0,0.021925232
2,0,0,0,0,0,0,0.011437908,0.011437908,0,0,4,0.0,2233.8,0.039748545
0,0,0,0,0,0,1,0.236451665,0.236451665,0,0,0,-0.365415754,18812.09,0.015987324
0,0,0,0,0,0,0,0.0992,-1.0,0,0,1,-0.80620155,0.0,0.019000916
0,0,0,0,0,0,0,0.011454085,0.011454085,3,0,0,-0.953521372,41596.94,0.033416187
0,0,0,0,0,0,0,0.08866267,0.08866267,0,0,1,-0.045457576,2195.72,0.035449103
0,0,0,0,0,1,0,0.0,0.0,0,0,1,0.0,112.1,0.039748545
0,1,1,0,0,0,1,0.061253055,0.061253055,2,2,0,-0.848009844,23190.68,0.015987324
2,0,0,1,0,1,0,0.0,0.0,0,0,1,-0.104722013,163.5,0.021925232
4,1,1,0,0,0,1,0.0992,-1.0,0,0,1,-0.068323441,2745.52,0.021925232
0,0,0,0,0,0,1,0.0992,-1.0,0,0,1,0.0,2000.0,0.035449103
0,0,0,0,0,0,1,0.0,0.0,0,0,3,-0.077600202,153.0,0.019000916
0,0,0,0,0,0,1,0.33336562,0.33336562,2,1,1,0.0,24578.49,0.032546067
0,0,0,0,0,0,0,0.0,0.0,0,0,1,0.0,70.17,0.043979285
0,0,0,0,0,0,0,0.0992,-1.0,0,0,1,0.0,0.0,0.033416187
2,0,0,0,0,0,1,0.02297802,0.02297802,2,1,3,-0.027153387,12363.31,0.013648559
0,0,0,0,0,0,0,0.392702285,0.392702285,3,0,0,0.0,15530.34,0.043979285
0,0,0,0,0,0,0,0.60950241,0.60950241,1,0,1,-0.072434921,8300.0,0.015987324
0,0,0,0,0,0,0,0.0,0.0,0,0,1,0.0,261.06,0.027324439
0,0,0,0,0,0,0,0.000480106,0.000480106,5,0,0,-0.969496858,222534.36,0.015987324
0,0,0,0,0,0,0,0.149846859,0.149846859,0,0,3,0.0,649.73,0.03234882
0,0,0,0,0,1,0,0.596561538,0.596561538,1,0,0,-0.82122726,14909.14,0.015987324
0,0,0,0,0,0,1,0.21498762,0.21498762,1,1,3,-0.01583783,5882.48,0.013648559
0,0,0,0,0,0,0,0.150920541,0.150920541,2,3,1,0.0,160209.7,0.027324439
0,0,0,0,0,0,0,0.402166667,0.402166667,0,0,0,-0.030046744,6000.0,0.013648559
0,0,0,0,0,0,0,0.0,0.0,0,0,0,-1.0,1000.0,0.018195539
1,1,1,0,0,0,1,0.646703412,0.646703412,0,0,1,-0.322302845,9119.05,0.033416187
0,0,0,0,0,0,0,0.118746875,0.118746875,1,1,0,0.0,3200.0,0.027324439
4,1,1,0,0,1,1,0.079911931,0.079911931,4,2,0,-0.782920286,131700.61,0.033416187
0,0,0,0,0,0,0,0.0992,-1.0,0,0,1,0.0,0.0,0.021925232
0,0,0,0,0,0,1,0.0,0.0,2,0,1,-0.620138702,16805.57,0.035449103
0,0,0,0,0,0,0,0.082735385,0.082735385,0,0,1,-0.239521299,5600.0,0.027324439
0,0,0,0,0,0,0,0.0,0.0,1,0,0,-1.0,29350.0,0.027324439
0,0,0,0,0,0,0,0.0992,-1.0,0,0,2,0.0,0.0,0.022947805
0,0,1,0,0,0,1,0.067127725,0.067127725,2,2,0,-0.815473955,268433.91,0.019732322
0,0,0,0,0,0,0,0.72708221,0.72708221,1,2,0,0.0,7897.14,0.039748545
0,0,0,0,0,1,0,0.0992,-1.0,0,0,2,0.0,0.0,0.013648559
0,0,0,0,0,1,0,0.0992,-1.0,0,0,1,-0.332153471,0.0,0.039748545
0,0,0,0,0,1,0,0.72672,0.72672,0,0,1,0.0,1000.0,0.027324439
0,1,1,0,0,0,0,0.088105155,0.088105155,2,0,0,-0.519076667,13000.0,0.035449103
0,0,0,0,0,0,0,0.0,0.0,0,0,1,0.0,315.0,0.043979285
0,0,0,0,0,0,0,0.702700892,0.702700892,0,0,0,-0.190548751,1194.42,0.035449103
0,1,1,0,0,0,1,0.193745,0.193745,1,1,1,-0.762313336,24622.0,0.018195539
0,0,0,0,0,0,1,0.0,0.0,0,0,2,-0.051504007,3516.49,0.033416187
0,0,0,0,0,0,0,0.367451995,0.367451995,0,0,0,-0.7949423,2721.58,0.039748545
0,0,0,0,0,0,0,0.001523846,0.001523846,1,1,0,0.0,12717.82,0.027324439
0,0,0,0,0,0,1,0.918984615,0.918984615,1,1,2,-0.03021604,3900.0,0.015987324
0,0,0,0,0,0,1,0.183267111,0.183267111,1,0,0,-0.10822025,29916.77,0.033416187
0,0,0,0,0,0,0,0.0,0.0,1,0,0,-1.0,45877.49,0.027324439
0,0,0,0,0,0,1,0.223884512,0.223884512,0,0,4,-0.357312801,10420.0,0.043979285
0,0,0,0,0,0,1,0.856526667,0.856526667,0,1,1,-0.055120704,3000.0,0.022947805
0,0,0,0,0,0,1,0.0,0.0,1,0,1,-0.918735183,45282.53,0.019732322
0,0,0,0,0,1,0,0.0992,-1.0,0,0,1,-0.722260484,0.0,0.03234882
0,0,0,0,0,0,0,0.153496489,0.153496489,1,0,0,0.0,2492.5,0.021925232
0,0,1,0,0,0,1,0.0992,-1.0,0,0,2,-0.629974708,0.0,0.033416187
0,0,0,0,0,0,0,0.0,0.0,0,0,0,-0.058328056,3067.54,0.013648559
0,0,0,0,0,0,0,0.0,0.0,1,0,1,-0.485017697,119887.14,0.013648559
0,0,0,0,0,1,0,0.0,0.0,0,0,1,-0.126087505,291.5,0.022947805
0,0,0,0,0,0,0,0.0992,-1.0,0,0,1,0.0,0.0,0.018195539
0,0,0,0,0,0,1,0.738408989,0.738408989,1,1,1,0.0,8900.0,0.033416187
4,0,0,0,0,0,1,0.98022,0.98022,0,0,3,-0.024973772,1000.0,0.013648559
0,0,0,0,0,0,0,0.0,0.0,0,0,2,-0.049388986,1981.43,0.027324439
0,0,0,0,0,0,0,0.0992,-1.0,0,0,1,0.0,0.0,0.03234882
0,0,0,0,0,0,0,0.0,0.0,1,0,1,-0.301069959,4514.8,0.019000916
0,0,0,0,0,0,0,0.002196,0.002196,0,0,0,-0.217442385,5000.0,0.019000916
0,0,0,0,0,0,0,0.1415375,0.1415375,0,0,1,0.0,800.0,0.03234882
0,0,0,0,0,1,1,0.33368227,0.33368227,3,2,2,-0.319898167,37616.07,0.032546067
0,0,0,0,0,0,0,0.0,0.0,0,0,1,0.0,1413.0,0.03234882
0,0,0,0,0,0,0,0.0992,-1.0,0,0,2,0.0,3600.0,0.039748545
0,0,0,0,0,0,1,0.238519706,0.238519706,1,1,0,-0.843849381,15073.91,0.03234882
0,0,0,0,0,1,0,0.141843639,0.141843639,1,0,0,-0.802002797,53897.87,0.027324439
0,0,0,0,0,0,0,0.01,0.01,0,0,0,-0.994118962,1000.0,0.032546067
0,0,0,0,0,1,1,0.0992,-1.0,0,0,2,-0.489983352,0.0,0.018195539
0,0,0,0,0,0,1,0.508590323,0.508590323,1,0,0,0.0,3100.0,0.019732322
1,1,1,0,0,0,0,0.101510857,0.101510857,1,0,0,-0.854702591,4937.19,0.03234882
0,0,0,0,0,0,0,0.291558438,0.291558438,1,1,0,0.0,1705.49,0.035449103
0,0,0,0,0,0,0,0.0992,-1.0,0,0,1,0.0,0.0,0.01429334
0,0,0,0,0,0,0,0.110334278,0.110334278,4,0,2,-0.223070144,23822.0,0.033416187
0,0,0,0,0,1,0,0.0992,-1.0,0,0,1,0.0,0.0,0.018195539
0,0,0,0,0,0,0,0.0,0.0,1,0,0,-0.058328056,7250.0,0.043979285
0,0,0,0,0,0,1,0.42709407,0.42709407,0,0,3,-0.417744362,11312.66,0.018195539
0,0,0,0,0,0,0,0.280824324,0.280824324,0,0,2,0.0,3700.0,0.022947805
0,0,0,0,0,0,0,0.0992,-1.0,0,0,1,0.0,0.0,0.033416187
0,0,0,0,0,0,0,0.0,0.0,0,0,1,-0.076609,9500.0,0.033416187
0,0,0,0,0,1,0,0.5099875,0.5099875,0,0,0,-0.602790272,800.0,0.027324439
2,0,0,1,0,1,0,0.0992,-1.0,0,0,1,-0.351188622,0.0,0.019732322
0,0,0,1,0,1,1,0.388890728,0.388890728,2,0,1,-0.709875958,2230.02,0.022947805
0,0,0,0,0,0,0,0.0992,-1.0,0,0,1,-0.947032327,0.0,0.013648559
0,0,0,0,0,0,1,0.63445527,0.63445527,2,1,1,-0.696236647,133699.0,0.019000916
0,0,0,0,0,0,1,0.338443407,0.338443407,3,2,0,-0.183384423,21433.48,0.013648559
0,0,0,0,0,1,0,0.0992,-1.0,0,0,1,-0.635510058,1878.5,0.018195539
0,0,0,0,0,0,1,0.126642659,0.126642659,3,1,1,-0.46102849,94625.6,0.043979285
0,0,0,0,0,0,0,0.758875,0.758875,1,1,0,0.0,1600.0,0.01429334
0,0,0,0,0,0,0,0.0992,-1.0,0,0,1,-0.078945,0.0,0.043979285
0,0,0,0,0,0,0,0.138258357,0.138258357,1,0,0,-0.154262517,3028.75,0.022947805
0,0,0,0,0,0,0,0.334070085,0.334070085,0,2,1,-0.460574023,52800.0,0.027324439
0,0,0,0,0,0,0,0.0992,-1.0,0,0,2,0.0,0.0,0.033416187
0,1,1,0,0,0,0,0.0,0.0,0,0,1,-0.758844371,2114.5,0.022947805
0,0,1,0,0,1,0,0.0992,-1.0,0,0,1,-0.82698935,128.48,0.015987324
0,0,0,0,0,0,0,0.118857298,0.118857298,1,0,2,0.0,21022.1,0.021925232
1,1,1,0,0,0,1,0.120169648,0.120169648,1,1,1,-0.408387572,7439.12,0.013648559
0,0,0,0,0,0,0,0.0992,-1.0,0,0,2,0.0,0.0,0.03234882
1,0,0,0,0,0,0,0.0992,-1.0,0,0,1,0.0,0.0,0.01429334
0,0,0,0,0,0,0,0.0992,-1.0,0,0,1,0.0,0.0,0.035449103
0,0,0,0,0,0,1,0.548786667,0.548786667,1,2,2,0.0,3000.0,0.015987324
0,0,0,0,0,0,0,0.0992,-1.0,0,0,1,0.0,0.0,0.015987324
0,0,0,0,0,0,1,0.856700302,0.856700302,0,1,1,-0.190868912,33426.27,0.013648559
0,0,0,0,0,0,0,0.0992,-1.0,0,0,1,-0.395348837,0.0,0.013648559
0,0,1,0,0,1,1,0.527343639,0.527343639,1,1,1,-0.824847348,32967.38,0.018195539
5,0,0,0,0,1,0,0.0992,-1.0,0,0,1,-0.939174599,0.0,0.019000916
0,0,0,0,0,1,1,0.0,0.0,0,0,1,-0.421021883,5500.0,0.015987324
0,0,0,0,0,0,1,0.954102926,0.954102926,3,1,1,-0.277369861,254599.57,0.033416187
0,0,0,0,0,0,0,0.0,0.0,1,0,1,0.0,6400.0,0.021925232
1,0,0,0,0,0,1,0.0,0.0,0,0,1,-0.394336,3700.0,0.03234882
1,1,1,0,0,0,0,0.060350943,0.060350943,0,0,0,-0.94373308,5684.69,0.043979285
0,0,0,0,0,0,1,0.4946,0.4946,1,1,1,-0.097550939,4200.0,0.01429334
0,0,0,0,0,0,1,0.558785374,0.558785374,3,1,0,0.0,68974.64,0.021925232
0,0,0,0,0,0,0,0.0992,-1.0,0,0,1,0.0,0.0,0.043979285
0,0,0,0,0,0,0,0.0,0.0,2,0,0,-1.0,39630.7,0.032546067
0,0,0,0,0,0,0,0.0,0.0,1,0,1,-0.007421973,14696.44,0.03234882
1,1,1,0,0,1,0,0.0992,-1.0,0,0,3,-0.008270662,0.0,0.022947805
0,0,0,0,0,0,0,0.0,0.0,0,0,1,0.0,2269.05,0.013648559
0,0,0,0,0,0,1,0.0,0.0,0,0,1,-0.841025,1000.0,0.015987324
0,0,0,0,0,0,0,1.0,1.0,0,0,1,-0.212284975,538.8,0.027324439
0,0,1,0,0,0,0,0.0,0.0,0,0,1,-0.680518925,1725.0,0.03234882
0,0,0,0,0,0,0,0.384575185,0.384575185,2,0,1,-0.038638395,22651.23,0.033416187
1,0,0,0,0,0,1,0.566526405,0.566526405,0,0,3,0.0,3913.2,0.013648559
0,0,0,0,0,0,0,0.0992,-1.0,0,0,1,-0.49688,0.0,0.021925232
0,0,0,0,0,0,1,0.005744295,0.005744295,1,0,1,-0.742636101,36719.91,0.035449103
0,0,0,0,0,0,1,0.493356761,0.493356761,1,2,1,0.0,32116.11,0.013648559
0,0,0,0,0,0,1,0.259434483,0.259434483,0,0,3,0.0,2900.0,0.013648559
0,0,0,0,0,0,1,0.073943396,0.073943396,1,0,0,-0.954860631,29014.04,0.021925232
0,0,0,0,0,0,0,0.0,0.0,0,0,0,-0.058328056,70.0,0.013648559
0,0,0,0,0,0,0,0.116666667,0.116666667,1,1,0,0.0,1500.0,0.021925232
1,1,0,1,0,1,1,0.543364103,0.543364103,1,1,1,-0.075744445,3900.0,0.035449103
4,1,1,0,0,0,1,0.0,0.0,0,0,2,0.0,4988.24,0.022947805
0,0,0,0,0,0,1,0.2142,0.2142,0,0,2,-0.003215152,8800.0,0.019000916
0,0,0,0,0,1,1,0.07349328,0.07349328,1,0,0,-0.668644253,7440.0,0.03234882
0,0,0,0,0,0,1,0.0,0.0,0,0,1,-0.970807302,30500.0,0.043979285
0,0,0,0,0,0,1,0.105485524,0.105485524,1,1,0,-0.92879258,32192.0,0.01429334
0,0,0,0,0,0,0,0.0992,-1.0,0,0,1,0.0,200.0,0.013648559
0,0,0,0,0,1,0,0.0,0.0,0,0,1,0.0,15.5,0.027324439
0,0,0,0,0,0,1,0.494578612,0.494578612,0,0,2,-0.530360703,12091.0,0.022947805
0,0,0,0,0,0,0,0.0992,-1.0,0,0,2,0.0,0.0,0.043979285
0,0,0,0,0,0,0,0.0992,-1.0,0,0,1,0.0,0.0,0.032546067
0,0,0,0,0,0,0,0.0992,-1.0,0,0,1,0.0,0.0,0.032546067
0,0,0,0,0,0,0,0.0992,-1.0,0,0,1,0.0,0.0,0.022947805
0,0,0,0,0,1,0,0.893826667,0.893826667,0,0,1,0.0,1500.0,0.032546067
0,0,0,0,0,0,1,0.090061111,0.090061111,0,0,1,0.0,22694.59,0.035449103
0,0,0,0,0,0,1,0.171577714,0.171577714,3,3,0,-0.601559521,108647.56,0.013648559
0,0,0,0,0,0,1,0.259178431,0.259178431,2,0,0,-0.394184805,11200.0,0.039748545
0,0,0,0,0,0,0,0.020265,0.020265,1,0,1,0.0,6800.0,0.018195539
0,0,0,0,0,0,1,0.351291876,0.351291876,1,1,1,-0.775123618,53267.87,0.043979285
0,0,0,0,0,0,1,0.0,0.0,0,0,2,0.0,1991.05,0.03234882
0,0,0,0,0,0,1,0.711649783,0.711649783,1,1,1,0.0,900.0,0.043979285
0,0,0,0,0,0,1,0.042697704,0.042697704,5,1,2,-0.872659596,57649.93,0.013648559
0,0,0,0,0,0,0,0.0,0.0,1,0,0,-0.058328056,900.0,0.032546067
0,0,0,0,0,0,1,0.334630435,0.334630435,0,1,2,-0.128963795,48795.08,0.032546067
0,0,0,0,0,1,0,0.315768966,0.315768966,0,0,0,-0.64705905,2900.0,0.027324439
1,1,1,0,0,1,0,0.0992,-1.0,0,0,1,-0.054838364,550.0,0.027324439
0,0,0,0,0,0,1,0.112385242,0.112385242,4,5,0,-0.80147663,319241.6,0.013648559
0,0,1,0,0,0,0,0.0,0.0,0,0,2,0.0,4036.36,0.013648559
0,0,0,0,0,0,1,0.027821252,0.027821252,3,1,0,-0.156076257,154231.02,0.039748545
0,0,0,0,0,1,1,0.0,0.0,1,0,0,-0.342138078,25191.6,0.021925232
0,0,0,0,0,1,0,0.0992,-1.0,0,0,1,-0.721251025,825.29,0.015987324
0,0,0,0,0,0,0,0.0,0.0,0,0,1,0.0,2071.5,0.033416187
0,0,0,0,0,0,0,0.0992,-1.0,0,0,1,0.0,0.0,0.018195539
0,0,0,0,0,0,1,0.008093641,0.008093641,2,0,1,-0.325942571,25931.47,0.01429334
0,0,0,0,0,0,1,0.0,0.0,0,0,2,-0.0726334,6400.0,0.032546067
0,0,0,0,0,1,0,0.0992,-1.0,0,0,0,-0.991876904,253.98,0.019000916
0,0,0,0,0,0,1,0.6752,0.6752,0,0,2,-0.091857186,1635.36,0.015987324
0,0,0,0,0,0,1,0.071479183,0.071479183,3,1,0,-0.685343864,28707.91,0.019732322
0,0,0,0,0,0,0,0.0,0.0,0,0,1,-0.16899124,1904.53,0.019000916
0,0,0,0,0,0,1,0.147597,0.147597,3,2,2,-0.121003094,29368.4,0.039748545
0,0,0,0,0,0,0,1.0,1.0,0,0,1,-0.46871397,4926.92,0.033416187
0,0,0,0,0,0,0,0.0992,-1.0,0,0,1,0.0,0.0,0.027324439
0,0,0,0,0,0,0,0.289614586,0.289614586,0,0,0,-0.277887028,7442.65,0.039748545
0,0,0,0,0,0,1,0.004735,0.004735,1,0,2,0.0,4000.0,0.032546067
0,0,0,0,0,0,0,0.180692308,0.180692308,1,0,0,0.0,30589.9,0.018195539
2,0,0,0,0,0,0,0.919718182,0.919718182,0,0,0,-0.966277,1100.0,0.033416187
0,0,0,0,0,0,1,0.134657143,0.134657143,0,1,0,0.0,1050.0,0.033416187
0,1,1,0,0,0,1,0.841703316,0.841703316,0,1,1,0.0,5730.0,0.032546067
0,0,0,0,0,0,1,0.672999807,0.672999807,2,1,0,0.0,39301.2,0.019732322
1,0,0,0,0,0,0,0.999816819,0.999816819,0,0,1,0.0,4275.49,0.021925232
0,0,0,1,0,1,0,0.0,0.0,0,0,0,-1.0,4998.05,0.032546067
0,0,0,0,0,0,0,0.0,0.0,0,0,0,-0.058328056,150.0,0.013648559
0,0,0,0,0,0,0,0.0,0.0,0,0,2,0.0,1324.05,0.03234882
0,0,0,0,0,0,1,0.0,0.0,0,0,2,-0.132940774,3000.0,0.043979285
0,0,0,0,0,0,0,0.113125,0.113125,1,0,1,0.0,5350.0,0.021925232
0,0,0,0,0,0,1,0.04855605,0.04855605,1,1,0,-0.7803119,5796.6,0.035449103
0,0,0,0,0,0,1,0.452410537,0.452410537,1,0,1,0.0,9174.72,0.015987324
0,0,0,0,0,0,1,0.019489491,0.019489491,0,0,4,-0.402487912,45719.51,0.033416187
0,0,0,0,0,0,0,0.0,0.0,2,0,1,-0.454746432,9127.6,0.013648559
0,0,0,0,0,1,0,0.333958354,0.333958354,0,0,0,-0.527850072,6138.46,0.022947805
0,0,0,0,0,0,1,0.032862923,0.032862923,2,2,1,-0.791187747,191714.88,0.018195539
1,1,1,0,0,0,0,0.0,0.0,0,0,1,0.0,166.01,0.018195539
0,0,0,0,0,0,1,0.086907962,0.086907962,2,1,0,-0.825081647,153052.72,0.015987324
0,0,0,0,0,0,0,0.0,0.0,0,0,1,-0.361453646,2491.64,0.021925232
3,0,0,0,0,1,1,0.0992,-1.0,0,0,2,-0.014668937,18041.46,0.033416187
0,0,0,0,0,0,0,0.0992,-1.0,0,0,2,0.0,0.0,0.032546067
0,1,1,0,0,0,1,0.200326829,0.200326829,1,1,0,-0.794900352,4600.0,0.039748545
0,0,0,0,0,0,1,0.0992,-1.0,0,0,2,-0.667427934,0.0,0.01429334
1,0,0,0,0,0,0,0.0,0.0,1,0,2,-0.037660117,5248.0,0.03234882
1,0,0,0,0,0,1,0.018771102,0.018771102,2,2,0,-0.67009789,64963.37,0.021925232
0,0,0,0,0,1,1,0.578887398,0.578887398,0,1,1,-0.464631254,16929.32,0.039748545
0,0,0,0,0,0,0,1.0,1.0,0,1,0,0.0,2000.1,0.022947805
0,0,1,0,0,0,1,0.73839611,0.73839611,4,6,2,-0.483717497,42879.51,0.018195539
0,0,0,0,0,0,0,0.0,0.0,0,0,1,0.0,300.0,0.03234882
0,1,1,0,0,0,1,0.226000647,0.226000647,3,2,0,-0.518082381,106541.27,0.043979285
0,0,0,0,0,0,0,0.0992,-1.0,0,0,1,-0.133743179,0.0,0.019732322
0,0,0,0,0,0,1,0.290619355,0.290619355,1,1,1,-0.028125993,9300.0,0.032546067
0,0,0,0,0,0,1,0.630054785,0.630054785,0,2,1,0.0,13751.82,0.018195539
1,1,1,0,0,0,1,0.508893058,0.508893058,1,1,1,0.0,2957.78,0.01429334
0,0,0,0,0,0,0,0.000810863,0.000810863,2,0,0,-0.993485433,15650.0,0.019000916
0,0,0,0,0,0,1,0.481309502,0.481309502,0,0,1,0.0,7635.65,0.033416187
1,0,0,0,0,0,1,0.064223077,0.064223077,0,0,1,-0.216824667,6500.0,0.013648559
1,1,1,0,0,0,1,0.177932589,0.177932589,3,3,0,-0.098461844,27993.27,0.03234882
0,0,0,0,0,0,0,0.0992,-1.0,0,0,1,-0.291987278,1000.05,0.019000916
0,0,0,0,0,0,0,0.0992,-1.0,0,0,1,0.0,0.0,0.043979285
0,0,0,0,0,0,0,0.0,0.0,1,0,0,-0.058328056,18000.0,0.032546067
1,1,1,0,0,0,0,0.31944066,0.31944066,0,0,2,0.0,2789.0,0.021925232
0,0,0,0,0,1,0,0.517377143,0.517377143,1,0,0,0.0,1750.0,0.033416187
0,0,0,0,0,0,0,0.0992,-1.0,0,0,1,0.0,0.0,0.019732322
0,0,0,0,0,0,0,0.0,0.0,0,0,1,0.0,1000.0,0.035449103
0,0,0,0,0,0,0,0.299895813,0.299895813,5,2,0,-0.521493636,51163.03,0.027324439
0,0,0,0,0,0,0,0.0992,-1.0,0,0,1,-0.255601783,0.0,0.033416187
1,0,0,0,0,0,1,0.275214381,0.275214381,2,3,1,-0.684877967,18991.51,0.013648559
2,0,1,0,0,0,1,0.309284615,0.309284615,0,0,2,0.0,9450.0,0.03234882
0,0,0,0,0,0,0,0.0,0.0,0,0,1,0.0,464.26,0.027324439
0,0,0,0,0,0,0,0.0992,-1.0,0,0,1,0.0,0.0,0.033416187
0,0,0,0,0,0,1,0.899376623,0.899376623,1,1,2,0.0,7700.0,0.032546067
0,0,0,0,0,0,0,0.161077753,0.161077753,1,0,0,0.0,5895.6,0.035449103
